IDNUM,PROV,ESTRATOPRI,apoyo_golpe,apoyo_cierre,lider_fuerte,limitar_oposicion,cinismo_democ,prioridad_seguridad,victima_delito,percep_inseguridad,sexo_mujer,educacion_anos,ingresos_rango
2277,1115,1103,1,0,3,2,7,1,1,4,1,4,1105
9874,1115,1103,1,1,4,4,5,1,0,3,1,5,1111
2387,1115,1103,0,1,4,1,1,0,0,3,1,6,1112
2585,1115,1103,1,1,4,5,3,0,0,2,1,3,1104
3828,1115,1103,0,0,4,1,3,1,1,3,0,6,1111
1363,1115,1103,1,0,2,1,4,0,1,2,0,6,1115
1446,1115,1103,0,1,1,4,2,0,0,2,0,5,1102
224,1115,1103,1,0,3,4,5,1,0,3,0,2,1111
805,1115,1103,0,1,3,3,4,0,0,2,0,6,1111
1661,1115,1103,0,1,3,5,2,0,0,2,0,6,1107
4900,1115,1103,1,1,3,5,4,0,0,4,1,4,1104
2590,1115,1103,1,1,3,4,1,0,1,4,1,4,1107
9079,1115,1103,1,0,2,2,7,1,0,1,0,4,1108
2199,1115,1103,0,1,1,5,3,0,0,3,1,6,1106
1203,1115,1103,0,0,3,3,6,0,0,2,0,6,1113
2123,1115,1103,1,0,3,4,4,1,0,3,1,4,1114
8374,1115,1103,0,0,1,1,4,1,1,3,1,5,1106
7097,1115,1102,1,0,2,6,3,0,0,3,1,6,1105
1189,1115,1102,0,0,3,3,5,0,0,4,1,5,1106
1549,1115,1103,1,0,3,3,5,0,1,4,0,4,1108
9694,1115,1102,1,0,3,2,5,0,1,3,0,4,1103
7579,1115,1103,1,0,3,4,3,1,1,1,0,6,1112
3144,1115,1103,1,0,3,3,6,0,1,3,1,4,1107
9653,1115,1102,0,1,4,5,7,0,0,3,0,4,1104
1589,1115,1102,1,1,4,7,3,0,0,2,1,3,1105
8090,1115,1103,1,0,4,5,3,0,0,3,0,6,1111
7012,1115,1102,1,0,3,6,3,0,1,2,1,4,1105
666,1115,1102,1,1,1,4,5,0,1,2,0,3,1105
9161,1115,1102,1,0,2,3,4,0,1,3,0,6,1115
9386,1115,1103,0,1,2,3,1,0,1,4,1,4,1106
2464,1115,1103,1,1,4,5,4,0,0,3,1,4,1103
765,1115,1102,1,1,2,2,6,0,0,3,0,4,1103
6371,1115,1102,0,1,5,4,3,0,1,4,1,6,1106
9846,1115,1102,0,0,2,3,5,0,1,3,0,4,1106
7444,1115,1102,1,1,2,3,5,1,1,3,1,2,1108
4236,1115,1103,0,1,2,1,6,0,0,3,0,4,1107
6440,1115,1103,0,0,3,4,4,0,0,3,1,5,1106
6084,1115,1103,1,0,2,1,3,0,0,3,1,4,1106
7315,1115,1103,1,0,2,5,1,0,1,4,0,5,1109
5056,1120,1106,0,0,2,4,5,0,0,4,1,4,1103
3075,1120,1101,1,1,3,5,3,1,1,3,0,6,1107
1283,1120,1106,1,1,3,4,1,0,0,1,1,2,1101
6173,1120,1106,0,0,1,1,1,0,0,1,0,6,1107
7126,1120,1106,0,1,4,3,3,0,0,1,0,4,1109
1719,1120,1101,0,1,4,4,1,0,1,4,0,6,1106
4364,1120,1106,0,0,1,2,3,0,0,4,1,5,1104
3318,1120,1101,1,0,1,6,6,0,0,3,1,5,1105
709,1120,1101,1,0,2,1,7,0,1,3,1,4,1107
7212,1120,1101,1,0,2,4,3,1,1,4,0,4,1102
8641,1120,1106,1,1,3,2,4,0,0,1,0,4,1108
3854,1120,1106,0,0,2,3,1,0,0,2,0,5,1105
8749,1114,1101,0,0,2,2,1,0,0,4,1,5,1112
1732,1114,1101,1,1,3,4,4,1,0,3,1,4,1105
3013,1114,1101,1,1,3,1,4,0,0,2,0,3,1107
8421,1114,1101,1,1,1,1,3,0,1,4,0,4,1109
8418,1114,1101,1,0,3,5,3,0,0,1,1,4,1104
9401,1114,1101,0,1,2,1,1,0,0,1,0,4,1108
9102,1114,1101,1,0,4,3,4,0,0,2,0,6,1107
3882,1114,1101,1,1,4,2,5,0,0,2,0,5,1102
212,1114,1101,1,1,2,6,3,0,1,2,0,6,1111
1168,1114,1101,0,0,4,1,1,0,0,2,0,5,1111
6121,1114,1101,0,0,3,5,3,0,1,2,1,4,1108
9075,1114,1101,1,1,2,7,4,0,1,3,0,4,1106
8233,1114,1101,0,0,2,5,4,0,1,4,1,6,1107
5832,1114,1101,0,0,3,3,3,0,1,3,0,5,1108
5697,1114,1101,1,0,4,5,3,0,0,1,0,4,1103
7011,1114,1101,0,0,4,1,3,0,0,2,0,6,1112
9903,1114,1101,1,0,1,2,2,0,1,4,1,3,1102
3058,1114,1101,1,1,2,3,3,0,1,3,1,5,1104
9055,1115,1103,1,0,4,4,3,0,1,2,0,4,1112
5622,1115,1103,0,0,4,2,5,0,0,2,1,5,1104
4042,1115,1103,0,0,4,1,1,0,0,4,0,6,1114
8123,1115,1103,0,0,1,3,4,1,0,4,1,5,1104
6449,1115,1103,1,0,1,5,2,1,1,4,0,3,1106
4550,1115,1103,1,1,2,5,1,1,0,3,1,5,1111
1571,1115,1103,1,1,3,1,4,0,0,4,1,1,1103
2817,1115,1103,1,0,3,4,4,1,0,4,1,6,1111
5782,1115,1103,0,1,3,2,2,0,1,3,1,4,1103
927,1115,1103,1,0,4,4,6,0,1,4,0,4,1107
6140,1115,1103,1,0,2,3,2,0,0,2,0,5,1115
4967,1115,1103,1,1,3,4,4,0,1,4,1,5,1106
5352,1115,1103,1,1,2,7,1,0,0,3,1,4,1102
109,1115,1103,0,0,2,4,4,1,0,3,1,5,1111
7490,1115,1103,1,1,3,2,4,1,1,4,0,4,1107
5680,1115,1103,0,0,2,1,7,1,0,4,1,1,1103
4476,1115,1103,0,1,2,3,4,1,1,4,0,3,1103
1738,1115,1103,1,1,2,5,5,1,1,3,0,4,1111
5545,1115,1103,0,0,3,1,1,1,1,3,0,5,1112
1792,1120,1101,1,1,1,5,3,0,1,2,0,5,1104
7354,1120,1106,1,0,2,7,1,0,0,4,0,2,1104
4141,1120,1101,1,1,2,5,4,0,0,1,0,4,1101
9531,1120,1101,0,0,3,3,5,0,0,3,1,4,1101
90,1120,1101,0,0,3,4,4,0,0,2,1,6,1102
5279,1120,1106,1,1,1,3,5,0,0,1,1,4,1101
8514,1120,1106,0,0,1,4,4,0,0,2,1,6,1101
8034,1120,1101,1,0,3,4,3,0,1,1,0,6,1106
6941,1120,1106,0,1,2,4,1,0,1,4,1,4,1105
3410,1120,1106,1,0,2,3,1,0,0,1,0,5,1109
5723,1120,1101,1,0,3,4,4,0,1,4,1,5,1103
5471,1114,1101,0,0,1,7,3,0,0,4,1,0,1101
7223,1114,1101,0,0,3,4,3,0,1,2,0,5,1105
7868,1114,1101,0,0,1,1,1,0,0,3,0,6,1112
16,1114,1101,0,0,4,2,3,0,0,2,0,1,1104
5852,1114,1101,0,0,4,6,2,0,1,4,0,2,1102
7401,1114,1101,0,0,1,1,7,0,0,4,1,1,1101
5501,1114,1101,1,1,3,6,5,0,1,3,0,4,1104
2168,1114,1101,1,1,3,4,3,1,1,3,0,4,1106
8802,1101,1104,1,1,2,5,3,0,0,1,1,2,1102
5248,1101,1104,0,1,4,3,5,0,0,1,0,4,1104
1420,1101,1104,1,1,3,1,3,0,1,3,1,4,1102
7616,1101,1104,1,1,2,2,5,1,0,1,0,2,1103
8911,1101,1104,1,0,4,3,1,0,0,1,0,1,1102
4166,1101,1104,0,1,3,1,4,0,1,2,1,5,1102
8227,1107,1103,0,1,1,5,6,1,0,4,0,6,1113
2928,1107,1103,0,0,3,4,5,0,0,4,1,4,1107
4891,1107,1103,1,1,1,2,3,1,1,2,1,4,1107
5927,1107,1103,1,0,3,2,5,0,0,3,1,5,1111
1869,1107,1103,1,0,3,1,1,0,1,3,0,6,1115
5178,1107,1103,0,0,2,1,1,0,0,3,0,6,1113
1653,1107,1103,1,1,4,4,3,1,1,4,1,5,1105
1876,1107,1103,0,0,5,6,1,0,0,1,1,4,1108
8541,1107,1103,0,0,3,1,2,0,0,3,1,6,1108
2374,1107,1103,0,0,3,2,4,1,0,1,0,6,1112
5329,1107,1103,1,1,1,3,2,1,0,4,1,6,1114
2549,1107,1103,1,1,4,3,4,0,0,3,0,6,1114
7782,1107,1103,0,1,1,1,7,0,0,3,0,6,1115
8655,1107,1103,1,1,3,2,7,0,0,4,0,3,1102
9675,1107,1103,1,1,2,4,1,0,0,4,0,5,1110
3104,1107,1103,0,0,1,2,2,0,0,2,0,6,1112
6539,1115,1103,0,1,2,3,1,0,1,4,1,5,1106
9673,1115,1103,1,0,1,4,7,0,0,2,1,4,1107
9851,1115,1103,1,1,2,4,5,1,0,4,0,4,1111
4372,1115,1103,1,0,2,3,4,0,0,2,1,6,1106
1471,1115,1103,1,1,2,2,2,0,0,3,0,5,1112
3423,1115,1103,1,0,4,5,2,0,0,3,0,4,1111
4316,1115,1103,1,1,1,2,6,0,0,4,0,4,1106
1836,1115,1103,0,0,2,4,1,0,1,4,1,4,1107
7740,1115,1103,0,0,3,1,2,0,0,2,0,5,1112
9777,1115,1103,0,0,3,1,4,0,0,2,0,4,1111
6273,1115,1103,1,0,2,3,2,0,0,2,1,6,1108
8091,1115,1103,0,0,2,3,1,0,1,4,0,3,1108
3548,1104,1102,0,0,2,3,4,0,0,2,1,3,1102
5433,1104,1102,0,1,4,2,2,0,1,4,0,6,1112
3667,1104,1102,1,1,3,3,3,0,0,3,0,4,1101
6293,1104,1102,1,1,2,5,4,1,1,4,0,5,1107
8893,1104,1102,1,0,2,7,7,0,1,3,1,6,1106
2088,1104,1102,1,0,2,4,6,1,0,2,0,5,1107
1378,1104,1102,1,0,1,2,4,0,1,2,1,6,1107
4692,1104,1102,0,0,2,4,5,0,1,3,0,2,1102
5935,1118,1102,1,0,2,4,4,0,0,3,1,3,1104
4056,1118,1102,0,0,3,5,3,0,0,3,1,6,1110
4564,1118,1102,0,0,3,4,2,0,1,1,0,5,1113
8741,1118,1102,1,1,3,2,4,0,1,3,0,6,1115
1716,1118,1102,1,0,2,6,3,0,1,3,1,3,1112
9734,1106,1106,1,0,4,4,4,0,0,2,1,6,1112
3350,1106,1104,1,1,3,3,3,1,1,2,0,4,1105
3128,1106,1104,0,0,2,3,6,0,1,3,1,2,1103
2569,1106,1106,1,1,2,6,1,0,0,2,1,6,1108
6548,1106,1106,1,0,3,4,3,0,1,3,0,6,1108
177,1106,1106,0,0,3,3,5,0,0,3,1,2,1101
2815,1106,1104,0,1,2,6,3,1,0,3,1,4,1103
5230,1106,1106,1,0,3,5,3,0,0,1,0,2,1103
4302,1106,1104,0,0,4,5,2,0,0,1,1,2,1105
2643,1106,1104,1,1,2,2,5,0,0,3,0,6,1107
8713,1106,1106,1,0,4,2,5,0,1,3,0,6,1113
3342,1106,1104,1,0,3,5,4,0,0,2,0,3,1105
4471,1111,1102,1,0,2,3,3,0,1,3,1,5,1114
6591,1106,1106,0,0,4,3,4,0,0,2,0,2,1104
5482,1106,1106,0,1,3,4,1,0,0,2,1,5,1101
2657,1106,1106,1,1,3,3,6,0,1,2,0,3,1104
4744,1106,1106,0,0,5,1,3,0,0,1,1,0,1101
1598,1106,1106,0,0,3,3,6,0,0,1,0,1,1111
944,1106,1106,0,0,1,2,3,0,0,2,0,4,1104
2787,1106,1106,0,0,1,1,1,0,0,1,1,6,1113
3182,1106,1106,0,0,4,4,3,0,0,3,1,6,1104
1637,1106,1106,1,1,1,1,4,0,0,4,0,2,1110
628,1106,1106,0,1,4,2,5,0,0,2,0,2,1102
2134,1115,1103,0,0,3,2,7,1,0,3,1,6,1103
729,1115,1103,0,0,4,7,1,0,0,2,0,5,1108
859,1115,1103,1,1,2,1,4,0,1,3,0,6,1115
8821,1115,1103,0,1,3,5,4,0,1,4,1,6,1111
4582,1115,1103,0,1,1,1,3,0,0,2,1,6,1102
327,1115,1103,0,0,2,1,2,0,0,2,1,5,1113
3352,1115,1103,1,0,2,3,4,1,0,3,1,4,1107
708,1115,1103,1,1,2,2,2,0,0,1,1,4,1107
2791,1115,1103,1,0,3,4,4,0,0,3,0,4,1108
6887,1115,1103,1,0,4,1,4,1,1,2,0,5,1112
720,1115,1103,0,0,1,3,3,0,0,2,1,5,1115
5263,1115,1103,1,0,2,6,6,1,0,4,1,4,1113
7501,1115,1103,1,0,3,2,7,1,0,2,0,4,1105
4378,1115,1103,0,1,1,4,7,0,0,2,0,4,1102
882,1115,1103,1,1,2,5,3,0,0,3,0,4,1105
6315,1113,1101,0,0,4,1,1,0,0,3,1,6,1115
9032,1113,1101,0,0,2,3,2,0,1,2,0,6,1114
7829,1113,1101,1,1,5,7,1,0,0,4,1,1,1104
5682,1113,1101,1,0,1,1,6,0,1,4,1,4,1108
8055,1113,1106,0,1,4,2,6,0,1,3,1,6,1102
1389,1113,1106,1,1,3,7,3,0,0,3,1,3,1101
8484,1113,1101,0,1,1,2,7,0,1,3,0,5,1104
252,1113,1106,1,1,3,1,5,0,0,4,1,1,1102
9559,1113,1106,1,1,2,5,5,0,0,4,0,2,1101
1552,1113,1106,0,0,2,1,4,0,0,2,0,1,1101
7963,1113,1106,1,1,3,1,1,0,0,1,1,4,1101
8002,1113,1106,0,1,2,4,4,0,0,1,0,4,1105
9096,1113,1101,0,0,2,4,3,0,0,3,0,5,1105
7974,1113,1106,1,1,3,7,1,0,1,3,1,2,1101
7815,1113,1101,0,0,3,2,1,0,0,2,0,4,1106
9367,1113,1106,1,1,4,5,2,0,0,3,0,4,1104
9957,1113,1101,1,0,2,1,1,1,0,1,0,4,1110
7488,1113,1106,1,0,3,5,2,0,0,3,1,2,1102
6306,1121,1107,0,0,1,1,7,0,1,2,0,4,1104
5667,1121,1107,0,0,3,1,7,0,0,3,1,3,1103
8433,1121,1107,1,0,5,4,5,0,0,3,0,4,1105
9031,1121,1107,0,0,2,4,4,0,1,2,0,4,1108
9804,1121,1107,0,0,3,3,7,0,0,3,1,3,1105
2879,1121,1107,0,0,3,1,7,0,0,2,1,3,1105
8784,1121,1107,1,0,1,1,6,0,1,2,0,4,1105
4560,1121,1107,0,0,3,4,4,0,1,3,0,3,1103
7910,1121,1107,1,1,3,3,6,0,0,3,1,4,1105
1037,1121,1107,0,1,2,1,7,0,0,3,1,2,1101
5046,1121,1107,0,1,3,5,5,0,0,3,0,4,1109
338,1121,1107,1,1,3,7,7,0,0,2,1,4,1101
5965,1121,1107,0,0,2,7,2,0,0,3,0,5,1107
2213,1121,1107,0,1,3,3,4,0,0,3,0,3,1106
4399,1103,1107,0,0,3,3,4,0,0,2,0,1,1103
6674,1103,1107,0,1,4,4,1,0,0,3,1,6,1103
51,1103,1107,0,0,2,6,3,0,1,4,0,6,1115
8305,1103,1107,0,0,2,3,3,0,0,2,1,6,1111
5082,1103,1107,0,0,2,1,6,0,0,3,0,2,1106
7067,1103,1107,1,1,1,6,3,0,0,2,0,5,1105
5969,1103,1107,0,0,1,2,1,0,0,2,1,6,1108
6050,1103,1107,0,0,2,4,1,0,0,1,0,5,1106
8126,1103,1107,1,1,3,2,5,0,0,4,1,6,1108
1579,1103,1107,0,1,2,4,5,0,0,1,1,1,1103
2203,1103,1107,0,0,2,1,2,0,0,2,0,6,1111
503,1125,1104,0,0,2,6,3,1,1,3,1,6,1113
3436,1125,1104,1,1,1,5,3,0,1,3,0,6,1112
1387,1125,1104,1,1,3,7,4,0,0,3,0,2,1105
7629,1125,1104,1,1,3,4,4,0,0,3,0,6,1109
7854,1125,1104,1,1,4,7,4,0,0,4,1,3,1102
4362,1125,1104,1,1,3,5,2,0,0,4,0,4,1101
1761,1125,1104,1,0,3,4,3,0,0,3,1,4,1103
6298,1125,1104,1,0,2,7,2,0,1,4,0,4,1104
4426,1125,1104,1,0,3,7,5,0,1,4,0,5,1106
5589,1125,1104,1,0,3,7,7,0,0,3,1,2,1103
9438,1125,1104,1,0,3,1,1,0,0,2,0,5,1113
7291,1125,1104,0,0,2,4,6,0,0,1,1,2,1101
2162,1125,1104,1,0,1,4,4,0,0,4,1,3,1106
924,1105,1107,0,0,4,4,1,0,1,2,0,6,1115
9115,1105,1107,1,0,1,3,2,0,1,4,1,4,1103
5706,1105,1107,0,0,2,4,4,0,1,3,1,4,1103
778,1105,1107,0,0,1,2,3,0,0,3,1,5,1112
8664,1105,1107,1,0,1,1,3,0,0,2,0,6,1107
3779,1105,1107,1,1,3,1,3,0,1,3,0,6,1113
9229,1105,1107,0,0,5,1,1,0,0,2,1,6,1106
681,1105,1107,1,0,2,3,2,0,1,2,1,6,1112
1400,1105,1107,0,0,2,1,3,0,0,3,0,6,1111
6465,1102,1106,1,0,3,4,4,0,0,2,0,4,1108
1558,1102,1106,0,0,1,1,3,0,0,1,1,2,1101
6347,1102,1106,1,1,2,7,5,0,0,3,1,1,1104
5859,1102,1106,0,0,3,4,5,0,0,3,1,6,1108
5450,1102,1106,1,1,4,7,2,0,1,2,0,6,1111
8223,1102,1106,1,0,5,6,4,0,1,2,0,2,1104
6462,1102,1106,0,0,3,4,3,1,0,2,0,4,1105
1402,1102,1106,1,0,1,2,3,0,0,2,1,2,1109
1324,1102,1106,1,0,3,4,3,0,0,3,0,6,1111
7094,1102,1106,1,0,3,2,2,0,0,3,0,6,1114
1525,1102,1106,0,0,3,4,3,0,0,1,0,6,1103
4499,1102,1106,0,0,2,3,5,0,1,4,0,6,1101
850,1102,1106,0,0,4,3,5,0,0,1,1,3,1104
7395,1102,1106,0,0,3,1,1,0,0,2,1,6,1106
5860,1102,1106,1,0,3,5,3,0,0,2,1,4,1102
853,1102,1106,1,0,3,1,4,0,0,3,0,6,1112
260,1102,1106,1,0,3,2,2,0,1,3,0,5,1107
5551,1102,1106,1,0,5,4,3,0,0,3,0,1,1102
3489,1102,1106,1,1,3,6,3,0,1,3,1,4,1104
2884,1102,1106,0,0,3,7,1,0,0,4,1,2,1105
8003,1102,1106,1,0,3,5,2,0,0,3,1,2,1101
8215,1102,1106,1,1,5,1,4,0,0,1,1,3,1107
7111,1102,1106,0,0,4,5,4,0,0,2,0,4,1112
3574,1104,1102,1,1,2,1,1,0,0,2,1,6,1103
5985,1104,1102,1,1,2,4,3,0,0,3,1,6,1105
2521,1104,1102,0,1,5,5,4,0,1,4,0,4,1105
5685,1104,1102,0,0,2,1,7,0,0,3,0,6,1110
6845,1104,1102,0,0,2,1,1,0,0,4,1,3,1105
6201,1104,1102,1,1,3,3,4,0,1,3,0,6,1105
1258,1104,1102,0,0,2,2,1,0,0,2,0,6,1111
9900,1104,1102,1,1,2,7,1,0,1,4,1,4,1106
9972,1104,1102,0,0,2,2,5,0,1,3,1,5,1106
8803,1104,1102,1,1,1,5,5,0,0,2,0,4,1104
5628,1104,1102,1,1,3,3,1,0,1,3,1,6,1109
1216,1115,1103,0,1,4,7,4,1,0,4,0,4,1106
8703,1115,1103,0,0,3,4,4,0,0,2,0,4,1110
2139,1115,1103,0,0,2,4,4,0,0,4,0,4,1106
7894,1115,1103,1,1,1,1,7,0,0,4,0,4,1103
735,1115,1103,0,0,3,4,4,1,1,4,1,4,1106
5903,1115,1103,1,0,3,5,2,0,0,3,0,4,1108
7405,1115,1103,0,0,3,4,1,0,0,4,1,4,1108
8288,1115,1103,0,0,3,3,3,0,1,3,1,5,1108
5522,1115,1103,0,0,3,5,1,0,0,2,1,3,1103
5137,1114,1101,1,0,1,3,4,1,0,4,0,4,1108
5565,1114,1101,0,1,2,4,3,0,0,3,1,5,1112
6944,1114,1101,0,0,4,5,3,0,1,2,0,3,1105
6660,1114,1101,0,0,1,3,6,0,0,4,0,1,1104
5315,1114,1101,1,1,2,5,4,0,1,3,0,4,1107
7037,1114,1101,0,0,2,1,2,0,0,3,1,5,1104
8586,1114,1101,0,0,4,5,2,0,0,3,1,4,1102
7344,1114,1101,0,1,3,5,2,0,1,3,0,6,1106
5865,1114,1101,0,0,3,3,4,0,0,3,1,6,1106
8351,1114,1101,0,0,4,4,4,0,0,3,0,4,1104
3921,1114,1101,0,1,1,5,7,0,1,4,0,4,1107
5431,1114,1101,1,1,3,3,3,0,1,2,0,4,1107
7841,1114,1101,1,1,2,5,4,0,1,4,1,4,1101
2320,1114,1101,0,1,1,4,4,0,1,4,1,4,1105
7034,1115,1103,0,0,3,1,3,0,0,2,0,4,1112
6443,1115,1103,1,1,5,4,2,1,1,3,1,6,1109
2949,1115,1103,1,0,3,4,5,0,0,3,1,1,1104
4877,1115,1103,1,0,2,6,2,1,0,4,1,3,1105
7499,1115,1103,1,1,3,3,4,0,1,3,1,4,1110
6457,1115,1103,1,0,2,4,2,1,0,4,0,4,1108
3115,1115,1103,1,1,2,4,3,1,1,4,0,6,1111
2529,1115,1103,1,1,3,3,2,0,1,4,0,5,1108
1406,1115,1103,0,1,2,4,3,1,0,2,0,6,1113
8948,1115,1103,1,0,1,7,4,0,1,4,0,3,1106
4200,1115,1103,1,1,4,1,3,0,1,3,0,6,1108
5858,1115,1103,1,0,2,4,2,1,0,3,1,5,1107
4809,1106,1106,0,0,3,1,7,0,0,3,1,4,1108
393,1106,1106,1,1,3,3,3,0,0,2,1,6,1111
1797,1106,1106,0,0,3,1,4,0,1,3,0,6,1109
9420,1106,1106,0,0,3,5,3,0,0,4,1,5,1104
5106,1106,1106,1,1,3,3,1,0,0,3,1,5,1113
7706,1106,1106,0,0,2,1,1,0,0,3,0,6,1111
1058,1106,1106,0,0,2,6,2,0,0,3,0,4,1112
1372,1106,1106,0,0,2,4,2,0,1,3,0,4,1105
9862,1106,1106,0,0,1,3,5,0,1,4,1,4,1104
4968,1106,1106,1,1,2,1,4,0,0,3,0,5,1109
7771,1106,1106,1,0,3,2,1,0,0,3,0,4,1107
8081,1106,1106,0,0,2,2,1,0,0,3,0,6,1109
6309,1106,1106,0,1,2,4,3,0,0,2,0,5,1112
8882,1106,1106,0,0,3,4,2,0,0,2,1,6,1106
3061,1106,1106,1,0,3,4,4,0,0,2,0,5,1110
6587,1106,1106,1,1,4,3,2,0,0,2,1,5,1113
6092,1106,1106,0,0,3,4,3,0,1,3,1,5,1109
8604,1106,1106,1,0,5,4,5,0,1,2,0,5,1114
6658,1106,1106,0,0,2,5,5,0,0,1,1,0,1105
2046,1106,1106,1,0,2,2,5,1,0,4,0,4,1106
9478,1106,1106,0,0,3,3,2,0,0,4,1,6,1106
4104,1106,1106,1,1,3,4,1,0,1,3,1,6,1111
8166,1106,1106,1,1,1,2,5,0,0,2,0,4,1103
3401,1106,1106,1,0,2,5,3,0,0,3,1,4,1110
4060,1106,1106,1,0,3,3,2,0,0,1,1,4,1107
4400,1106,1106,1,1,4,4,3,0,0,1,0,6,1113
4613,1115,1103,0,0,2,3,5,0,0,3,0,6,1115
9784,1115,1103,0,0,2,5,4,1,1,3,1,6,1109
8755,1115,1103,0,0,4,4,4,0,0,3,1,4,1106
4492,1115,1103,0,0,2,2,7,0,1,3,0,4,1107
2080,1115,1103,1,0,2,3,2,0,1,4,0,3,1114
933,1115,1103,0,1,3,4,4,0,1,4,1,5,1110
4463,1104,1102,1,1,1,2,7,0,0,2,0,5,1105
3900,1104,1102,1,0,1,6,5,0,0,3,1,1,1103
6804,1104,1102,1,1,1,1,6,0,1,3,1,1,1102
1524,1104,1102,1,0,4,3,5,0,0,2,1,5,1102
331,1104,1102,0,1,1,3,7,0,1,4,0,6,1112
1513,1104,1102,1,1,3,4,2,0,0,3,0,6,1114
8851,1104,1102,0,1,3,4,1,0,0,2,1,5,1104
7727,1104,1102,0,1,2,1,7,0,0,2,1,6,1106
9073,1104,1102,0,0,2,3,3,0,0,3,0,3,1107
5516,1104,1102,0,0,2,1,7,0,1,3,0,4,1104
942,1104,1102,1,1,2,3,5,0,0,3,0,5,1106
4755,1120,1101,0,0,2,1,1,0,0,2,1,6,1111
1432,1120,1101,0,0,3,5,3,0,0,2,0,4,1105
1370,1120,1101,0,0,3,4,1,0,1,2,0,6,1114
256,1120,1101,0,0,3,5,5,0,1,3,0,6,1106
8273,1120,1101,1,1,3,6,2,1,1,3,0,4,1107
7237,1120,1101,1,0,1,2,3,0,1,4,1,4,1111
6321,1120,1101,0,0,3,3,4,0,0,4,1,3,1103
4512,1120,1101,0,0,1,1,3,0,0,4,0,5,1103
4888,1120,1101,0,1,3,5,4,0,0,1,1,4,1104
2891,1120,1101,1,1,2,3,3,0,1,4,1,5,1104
4610,1101,1104,1,0,3,5,4,0,0,2,0,2,1102
1906,1101,1104,0,0,2,2,5,0,0,3,1,1,1103
9118,1101,1104,0,0,1,5,7,0,1,1,0,3,1104
8916,1101,1104,1,0,3,4,3,0,0,2,1,2,1103
6386,1101,1104,0,0,4,3,3,0,0,1,0,4,1105
6990,1115,1103,1,0,4,5,3,0,0,3,1,6,1112
1745,1115,1103,0,0,2,1,7,0,0,3,0,6,1114
5564,1115,1103,1,1,1,4,4,0,0,2,1,4,1103
2804,1115,1103,1,0,3,4,4,0,1,2,1,6,1115
5201,1115,1103,0,0,5,4,2,0,0,3,0,4,1110
5810,1115,1103,1,1,3,4,1,0,1,4,0,4,1104
9697,1115,1103,1,1,4,2,4,1,0,3,1,5,1111
2599,1115,1103,1,0,1,5,3,0,1,4,0,6,1106
1665,1115,1103,1,1,2,3,4,0,1,4,0,4,1107
1464,1115,1103,0,0,3,1,1,0,0,2,0,5,1110
988,1115,1103,0,0,3,4,3,0,0,3,1,6,1104
4883,1112,1104,1,0,4,4,5,0,0,2,0,6,1108
9587,1112,1104,1,1,4,3,4,0,0,1,0,4,1101
1174,1112,1104,1,1,2,2,4,0,0,2,0,4,1104
3060,1112,1104,0,1,4,1,4,0,0,2,0,5,1105
5229,1112,1104,1,0,4,4,2,0,1,2,1,4,1107
122,1112,1104,1,1,3,2,2,0,0,2,0,6,1113
340,1112,1104,1,0,5,5,2,0,0,3,1,4,1106
2968,1112,1104,1,1,3,2,5,0,0,3,1,6,1108
6573,1112,1104,1,1,5,7,3,0,0,2,1,6,1110
8682,1112,1104,1,1,3,4,3,0,0,1,1,1,1103
9086,1112,1104,1,1,2,1,7,0,0,4,1,2,1102
7392,1112,1104,0,0,2,4,5,0,0,2,0,5,1105
2499,1102,1101,1,0,2,5,3,0,0,2,1,6,1113
5702,1102,1101,1,1,2,2,5,0,1,2,1,5,1103
6494,1102,1101,0,0,4,4,4,0,1,2,1,5,1107
3701,1102,1101,0,0,2,1,4,0,0,2,0,5,1104
4243,1102,1101,0,0,2,6,3,0,0,2,0,5,1106
6604,1113,1101,0,0,1,3,5,0,0,4,1,3,1101
1232,1113,1101,1,1,4,3,3,0,0,4,0,6,1107
539,1113,1101,1,0,3,3,5,1,0,2,0,5,1107
4216,1114,1101,1,1,2,4,4,1,0,3,0,4,1112
1636,1114,1101,0,0,1,1,3,0,0,3,1,4,1106
8621,1113,1101,1,1,3,3,3,0,0,3,0,5,1107
2852,1113,1101,1,0,2,2,6,0,1,4,1,3,1104
494,1113,1101,1,1,3,4,4,0,0,4,1,6,1108
135,1114,1101,0,0,1,1,6,0,0,4,0,4,1101
6903,1113,1101,1,1,2,5,7,0,0,3,0,6,1102
6134,1113,1101,1,0,3,3,4,0,0,2,1,4,1102
7756,1113,1101,1,1,2,2,1,0,0,4,0,6,1105
9392,1113,1101,1,1,4,4,1,0,0,3,1,6,1110
6588,1114,1101,1,1,1,4,1,0,0,2,0,4,1106
7964,1114,1101,1,0,4,4,5,0,0,2,1,4,1105
8854,1114,1101,1,1,3,4,4,0,0,3,1,5,1110
5999,1113,1101,0,0,3,3,6,0,0,2,0,5,1109
9042,1120,1106,1,0,4,5,3,0,0,2,0,4,1111
8149,1120,1101,1,0,1,7,4,0,0,4,1,4,1101
4631,1120,1101,0,0,1,4,1,0,0,3,1,3,1106
7018,1120,1106,0,0,4,4,1,1,0,3,1,6,1111
3895,1120,1106,0,1,5,3,1,0,0,4,0,4,1105
1840,1120,1101,0,0,2,2,3,0,0,4,0,4,1112
4486,1120,1106,0,0,2,3,3,0,0,3,1,6,1113
7154,1120,1106,1,0,3,4,4,0,0,3,1,5,1114
3904,1120,1101,1,0,2,1,4,0,0,4,0,6,1109
7813,1120,1101,0,0,2,3,7,0,0,2,1,3,1102
1532,1112,1105,0,1,2,3,1,0,0,2,0,6,1113
5002,1112,1105,0,0,3,4,1,1,0,3,1,6,1104
5265,1112,1105,1,1,3,4,2,0,0,4,1,5,1103
6762,1112,1105,1,1,3,4,5,0,1,3,0,6,1113
6613,1112,1105,0,1,1,5,2,0,0,4,0,5,1104
656,1112,1105,1,1,4,6,4,0,0,3,1,4,1104
2478,1112,1105,1,1,3,4,5,0,0,2,1,4,1106
5553,1112,1105,0,1,3,3,3,0,0,2,0,5,1109
781,1112,1105,1,1,3,1,5,0,1,4,0,6,1109
3673,1112,1105,1,1,5,6,6,0,0,4,1,3,1103
4989,1112,1105,1,1,3,3,5,0,0,2,1,3,1105
2616,1112,1105,0,0,3,4,1,0,0,2,0,6,1112
9652,1110,1105,0,0,2,4,2,0,1,2,0,6,1109
2313,1110,1105,0,0,1,7,1,0,0,3,0,6,1113
9148,1110,1105,1,1,4,6,3,0,1,2,0,4,1107
6333,1110,1105,0,0,1,1,6,0,0,2,1,4,1102
7302,1110,1105,1,0,2,4,4,0,1,3,0,6,1102
5722,1110,1105,0,0,5,1,1,0,0,2,1,3,1101
7221,1110,1105,0,0,2,4,5,0,0,2,1,3,1101
377,1110,1105,0,0,2,4,5,0,0,3,1,4,1104
3100,1110,1105,0,0,4,1,1,1,0,2,0,6,1112
6947,1110,1105,1,1,2,3,4,0,0,2,0,4,1105
3750,1110,1105,1,1,3,1,4,0,1,2,0,5,1111
112,1110,1105,1,1,3,3,3,0,1,3,1,6,1104
4928,1120,1101,0,0,1,1,7,0,1,4,1,2,1103
3,1120,1101,1,1,2,3,5,0,0,3,0,4,1107
1731,1120,1101,1,1,2,3,2,0,0,4,1,4,1104
7482,1120,1101,0,0,3,6,4,0,0,2,0,4,1103
8221,1120,1101,1,0,3,3,3,0,0,2,0,6,1103
2367,1120,1101,0,0,3,2,2,0,0,3,0,5,1109
3409,1120,1101,0,0,2,7,1,0,0,1,0,6,1102
7699,1120,1101,1,0,3,3,2,0,0,3,1,4,1101
6750,1120,1101,0,1,1,1,7,0,1,4,1,6,1104
6946,1120,1101,0,0,2,4,3,1,1,4,1,6,1109
6880,1120,1101,1,0,3,2,1,0,1,1,1,5,1112
7809,1120,1101,0,0,3,4,4,1,0,4,0,6,1101
2459,1114,1101,0,0,5,4,3,0,0,4,1,4,1105
3452,1114,1101,0,1,3,1,3,0,0,4,1,2,1101
8037,1114,1101,1,0,4,4,1,0,1,3,1,4,1108
7743,1114,1101,1,1,4,3,4,0,0,4,1,6,1103
1379,1114,1101,1,0,4,4,1,0,0,1,0,4,1107
7547,1114,1101,0,0,2,4,5,0,0,3,0,2,1103
8033,1114,1101,0,0,3,1,1,0,1,4,0,5,1106
1615,1114,1101,0,0,4,3,6,0,0,3,0,3,1103
9828,1114,1101,0,0,2,4,4,0,0,3,1,4,1104
9928,1114,1101,1,0,2,1,1,0,0,2,0,5,1108
3268,1115,1103,1,1,1,4,6,0,0,4,0,6,1106
8115,1115,1103,1,1,4,3,2,1,1,4,1,3,1103
9878,1115,1103,0,0,3,5,3,0,0,3,0,6,1108
7074,1115,1103,0,0,2,1,7,0,1,3,0,4,1106
9458,1115,1103,1,1,1,1,7,0,1,2,0,4,1104
6221,1115,1103,0,0,2,1,1,1,1,4,0,4,1109
3327,1115,1103,0,0,3,5,4,0,0,4,1,6,1110
7168,1115,1103,0,0,3,3,2,1,1,2,0,5,1111
6502,1115,1103,0,0,2,4,2,0,0,2,1,5,1102
502,1115,1103,1,0,3,4,4,0,0,2,1,4,1101
6696,1115,1103,0,0,4,3,3,0,0,3,1,4,1101
7560,1115,1103,1,0,1,6,2,0,0,3,1,6,1104
960,1115,1103,0,0,3,3,5,0,0,2,0,5,1107
9083,1115,1103,1,0,3,5,3,0,1,4,0,2,1106
581,1115,1103,1,0,5,4,2,0,0,2,1,6,1106
7981,1113,1101,0,0,3,2,4,0,1,3,1,6,1111
2988,1113,1101,1,1,1,5,3,0,1,4,0,4,1105
2875,1113,1101,0,0,1,3,3,1,0,4,0,4,1107
296,1113,1101,0,0,1,5,1,1,0,2,1,5,1103
4429,1113,1101,1,1,3,1,2,0,0,4,1,6,1106
4863,1113,1101,1,0,4,6,1,1,0,3,0,6,1110
4925,1113,1101,1,0,2,4,2,1,0,4,1,5,1107
5227,1113,1101,0,1,3,7,3,0,1,1,0,6,1115
8905,1110,1105,0,0,2,4,1,0,0,3,0,5,1112
5397,1110,1105,0,1,4,1,6,0,0,2,1,2,1101
4348,1110,1105,0,0,2,2,2,0,0,2,0,6,1114
3367,1110,1105,1,1,4,6,2,0,0,3,0,6,1104
5580,1110,1105,1,0,3,1,4,0,1,2,0,4,1108
3353,1110,1105,1,0,2,7,6,0,0,1,1,4,1101
2428,1110,1105,1,0,5,2,1,0,0,3,1,5,1106
2345,1110,1105,0,0,3,3,4,1,1,4,1,5,1105
5247,1110,1105,0,0,3,3,3,0,0,3,1,6,1115
9854,1110,1105,0,0,3,4,4,0,1,2,0,6,1115
9427,1110,1105,1,1,2,2,5,0,0,1,1,5,1106
8188,1108,1107,0,0,3,5,3,0,1,2,0,5,1111
4965,1108,1107,0,0,4,3,5,0,0,1,1,6,1107
1907,1108,1107,0,0,2,5,2,0,0,2,1,6,1109
4350,1108,1107,1,0,2,1,3,0,0,4,1,4,1103
4738,1108,1107,0,0,2,4,2,0,0,3,0,6,1115
980,1108,1107,0,0,4,1,1,0,0,3,0,6,1112
4268,1115,1103,1,1,1,4,3,0,0,3,1,5,1104
8065,1115,1103,1,0,4,1,1,0,0,3,0,6,1115
2445,1115,1103,0,0,4,4,2,0,0,3,0,6,1110
9469,1115,1103,1,0,3,5,3,1,1,4,1,4,1109
2505,1115,1103,0,0,2,3,3,0,0,4,0,4,1108
3739,1125,1104,0,0,2,2,5,0,1,4,1,5,1104
3414,1125,1104,0,0,3,2,4,0,1,4,0,4,1106
4652,1125,1104,1,0,4,6,1,0,0,2,0,4,1103
2414,1125,1104,0,0,1,3,4,0,0,1,1,3,1103
5449,1125,1104,0,0,5,3,4,0,0,3,1,4,1103
3274,1125,1104,1,1,2,1,3,0,1,3,1,4,1101
3480,1125,1104,0,0,3,2,5,0,0,3,1,4,1108
8478,1125,1104,1,1,4,7,7,0,0,2,0,3,1103
5369,1125,1104,1,1,4,3,5,0,0,3,1,4,1102
9794,1125,1104,1,1,5,7,7,0,1,1,0,4,1101
8505,1125,1104,1,0,2,3,3,0,1,3,0,4,1105
8671,1125,1104,1,0,4,1,3,0,0,2,0,6,1105
8467,1121,1107,1,0,2,4,4,0,1,4,0,4,1101
9947,1121,1107,0,0,2,3,5,0,0,2,0,5,1106
8175,1121,1107,1,1,2,4,3,0,1,2,0,4,1111
1358,1121,1107,1,0,4,7,7,0,0,3,1,1,1106
7049,1121,1107,0,0,5,4,3,0,0,2,0,6,1111
1962,1121,1107,1,1,3,5,3,0,1,3,0,4,1106
2539,1121,1107,1,1,4,6,2,0,1,3,1,4,1103
3777,1121,1107,0,0,1,1,1,0,1,4,0,5,1103
3009,1121,1107,0,0,2,2,6,0,0,4,1,1,1104
7867,1121,1107,1,1,2,7,1,0,0,1,1,4,1101
1015,1121,1107,0,1,2,2,7,0,0,2,0,6,1109
1423,1121,1107,1,0,3,5,6,0,1,2,0,4,1108
5813,1121,1107,1,0,3,3,3,0,0,2,1,6,1112
9202,1121,1107,0,1,3,7,1,0,0,2,1,5,1106
8407,1121,1107,0,0,2,3,5,0,0,2,1,5,1105
3067,1121,1107,1,1,2,1,4,0,0,1,1,4,1104
8753,1121,1107,0,0,3,4,3,0,1,3,0,5,1107
8261,1121,1107,1,0,3,4,4,0,0,1,1,4,1101
297,1121,1107,0,0,4,2,4,0,0,1,1,5,1101
1796,1121,1107,0,1,2,7,6,0,0,4,0,6,1107
5156,1115,1103,0,0,2,1,2,1,0,4,1,5,1108
1275,1115,1103,1,1,3,4,4,0,0,2,0,5,1111
5679,1115,1103,1,1,1,4,4,0,1,3,1,6,1109
565,1115,1103,1,1,3,2,4,0,1,3,0,4,1110
3552,1115,1103,1,0,3,3,5,0,0,2,0,6,1114
363,1115,1103,0,0,2,2,2,0,1,2,0,6,1115
906,1115,1103,0,1,5,1,3,0,0,1,0,6,1111
1271,1115,1103,1,0,4,4,1,1,1,2,0,5,1110
9544,1115,1103,0,0,1,3,5,0,1,4,1,5,1106
5483,1115,1103,0,0,1,1,1,0,0,1,0,6,1109
6784,1115,1103,0,0,5,1,2,1,0,3,1,4,1105
2717,1115,1103,1,1,2,4,4,0,0,2,1,6,1103
3744,1115,1103,1,1,3,4,4,0,1,3,0,6,1112
8815,1115,1103,1,0,3,4,4,0,0,3,1,4,1112
8436,1115,1103,1,1,3,4,4,0,1,2,1,4,1111
6420,1115,1103,0,0,2,2,2,0,0,2,0,4,1114
3529,1115,1103,1,1,1,2,3,0,1,2,1,6,1113
6380,1115,1103,1,0,1,4,4,1,1,3,1,5,1112
6655,1115,1103,1,0,3,4,3,1,0,2,1,4,1111
8356,1115,1103,0,0,4,1,2,0,0,3,0,6,1115
8063,1115,1103,0,0,2,1,1,0,0,3,1,6,1115
6645,1115,1103,1,1,2,7,4,0,1,2,1,5,1113
3556,1115,1103,0,0,3,3,1,0,1,3,0,5,1103
4176,1115,1103,0,0,1,1,1,0,0,2,0,4,1111
5144,1115,1103,0,0,2,2,2,0,0,2,0,6,1113
6045,1115,1103,0,1,1,2,5,0,1,2,1,4,1108
8070,1115,1103,1,1,4,4,4,0,0,2,0,4,1110
4402,1115,1103,1,1,3,3,4,0,0,2,1,4,1112
3597,1115,1103,0,0,4,3,1,0,0,3,0,5,1113
6843,1115,1103,1,1,3,3,4,0,0,4,1,3,1104
5358,1115,1103,0,0,2,2,5,0,1,3,1,6,1107
9781,1115,1103,0,0,3,3,6,0,1,3,0,5,1108
648,1115,1103,1,0,2,2,3,0,1,4,0,4,1111
9241,1115,1103,0,0,2,4,3,1,1,4,0,3,1114
3120,1115,1103,1,1,4,5,3,1,0,3,0,4,1108
8926,1115,1103,1,1,2,5,4,0,0,3,1,6,1107
7381,1115,1103,1,1,2,3,6,0,0,3,1,3,1103
3170,1115,1103,0,1,2,5,3,0,0,2,0,4,1108
2661,1115,1103,0,0,3,4,4,0,1,3,0,4,1106
2485,1115,1103,0,1,2,4,5,0,0,4,0,4,1108
9700,1115,1103,0,0,2,1,7,0,1,3,0,6,1108
4034,1115,1103,0,0,4,6,3,0,1,2,1,4,1105
4328,1115,1103,0,0,1,7,1,0,0,3,0,2,1101
7995,1115,1103,1,0,1,4,3,0,0,3,1,6,1109
2573,1115,1103,0,0,4,6,3,0,0,1,1,3,1101
351,1115,1103,1,0,1,4,4,1,1,4,0,6,1105
9649,1115,1103,1,0,3,4,3,0,0,3,1,4,1109
19,1121,1107,1,0,3,3,5,0,0,2,0,4,1105
8849,1121,1107,0,0,3,4,5,0,0,2,0,4,1104
2819,1121,1107,0,0,3,1,3,0,0,2,0,6,1109
6360,1121,1107,0,1,4,2,4,0,0,2,0,4,1108
1248,1121,1107,1,1,3,2,4,0,0,2,1,4,1107
3241,1121,1107,1,0,3,5,2,0,0,1,1,5,1106
4099,1121,1107,1,1,3,1,1,0,0,2,1,6,1105
3239,1121,1107,0,0,2,1,6,0,0,1,1,4,1104
2608,1121,1107,1,1,3,7,1,0,0,1,1,6,1107
8970,1121,1107,1,1,3,3,1,0,0,2,1,2,1103
4133,1121,1107,1,0,1,2,1,1,0,4,1,4,1105
559,1121,1107,0,1,3,3,1,0,0,3,0,4,1109
4754,1121,1107,0,0,4,5,6,0,0,2,0,6,1106
6965,1121,1107,0,0,2,1,7,0,0,2,1,5,1102
2581,1121,1107,1,0,3,2,5,0,0,3,0,4,1105
1551,1121,1107,0,1,1,1,3,0,0,2,0,4,1107
1102,1121,1107,0,0,2,3,4,0,0,2,0,6,1108
3972,1102,1106,1,0,3,2,6,0,1,2,0,1,1105
2135,1102,1106,1,0,2,5,3,0,1,3,1,6,1106
6300,1102,1106,1,0,2,1,3,0,0,2,0,6,1106
5617,1102,1106,1,0,4,1,6,0,0,2,0,5,1114
2182,1102,1106,0,1,5,4,2,0,1,2,0,4,1108
4909,1102,1106,0,0,4,2,4,0,1,2,1,6,1112
5490,1102,1106,1,1,2,3,4,0,1,4,0,4,1105
818,1102,1106,0,1,2,1,2,0,0,4,1,6,1106
9339,1102,1106,1,0,2,4,4,1,0,2,1,5,1103
9219,1102,1106,1,1,3,7,7,0,0,4,1,1,1101
428,1102,1106,0,0,3,5,3,0,0,2,1,4,1101
5118,1102,1106,1,1,1,3,4,0,0,4,0,4,1102
7902,1102,1106,1,1,3,7,2,0,0,1,0,4,1107
1052,1115,1103,0,1,4,5,3,0,1,4,1,3,1106
7279,1115,1103,1,0,2,1,7,0,0,4,0,4,1102
2343,1115,1103,1,0,2,1,5,0,0,4,1,3,1105
2739,1115,1103,0,0,3,4,3,0,1,3,1,5,1110
4477,1115,1103,1,0,3,3,4,0,0,1,0,5,1113
9842,1115,1103,1,0,2,1,3,1,0,3,0,5,1108
887,1115,1103,0,0,5,3,3,0,1,2,1,5,1107
4086,1115,1103,1,0,2,3,4,0,0,2,0,3,1112
9960,1115,1103,1,0,2,4,7,0,0,2,0,5,1113
2169,1115,1103,1,0,1,5,6,1,0,3,0,6,1114
5441,1115,1103,1,0,3,4,6,0,0,4,1,4,1106
2897,1115,1103,0,0,2,3,3,0,0,3,0,6,1112
5939,1115,1103,0,0,3,4,5,0,0,3,1,6,1113
3205,1115,1101,0,0,2,4,2,0,0,3,1,4,1108
9735,1115,1103,0,0,2,4,4,0,0,3,1,4,1113
7252,1115,1103,1,0,4,2,2,0,0,4,0,6,1107
719,1115,1103,0,0,1,1,2,0,0,4,1,5,1113
7081,1115,1101,0,1,2,4,3,0,1,2,1,6,1105
6285,1115,1103,1,0,4,2,6,0,0,3,0,4,1106
7268,1115,1101,1,1,3,3,4,0,0,1,1,6,1101
2421,1115,1101,0,1,2,5,4,0,0,1,0,5,1113
2633,1115,1101,0,0,3,4,3,1,0,2,0,6,1103
6795,1115,1101,1,1,3,4,4,0,1,4,0,6,1109
6424,1115,1101,0,0,3,4,4,1,0,4,0,4,1108
3917,1115,1101,0,0,4,3,4,0,0,4,0,4,1105
8552,1115,1101,0,0,3,3,4,0,1,4,1,6,1104
314,1115,1103,0,0,2,3,3,1,1,4,1,4,1107
848,1115,1103,1,0,2,5,2,0,1,3,1,4,1105
2632,1115,1101,0,0,3,5,4,0,0,2,1,6,1112
9480,1115,1103,1,0,3,3,5,1,1,4,0,4,1107
3693,1115,1103,1,1,1,2,5,1,0,4,1,4,1103
7730,1115,1103,0,0,2,4,4,0,1,4,0,6,1103
3050,1115,1101,1,0,3,3,4,0,0,2,1,4,1104
2067,1115,1101,1,1,2,2,6,0,0,2,0,4,1102
6253,1106,1104,1,1,2,1,7,0,1,4,0,6,1107
467,1106,1104,0,0,3,2,5,0,0,1,0,5,1102
2861,1106,1106,0,0,4,2,6,0,0,2,1,0,1101
1801,1106,1104,1,0,4,5,2,0,0,2,0,4,1102
7436,1106,1106,1,1,2,5,5,0,1,2,0,6,1111
3621,1106,1106,1,1,4,4,4,0,0,2,1,2,1103
5893,1106,1106,1,0,4,4,1,0,0,1,1,2,1103
8896,1106,1106,1,1,2,1,7,0,0,1,0,2,1101
1659,1106,1104,0,0,2,2,4,0,0,2,1,3,1103
2083,1123,1102,1,1,3,3,3,0,0,3,0,6,1110
6661,1123,1102,0,0,3,4,3,0,0,4,0,6,1111
1755,1123,1102,0,1,2,3,1,0,1,2,1,5,1113
114,1123,1102,0,0,3,3,4,0,0,2,1,4,1104
4261,1123,1102,1,1,2,3,2,0,0,4,0,6,1107
5595,1123,1102,0,0,2,1,2,0,0,4,1,6,1105
5003,1123,1102,1,0,4,4,4,0,1,2,0,6,1114
9114,1123,1102,0,1,2,4,5,0,1,3,1,6,1108
4903,1123,1102,0,0,4,5,3,0,0,2,1,6,1104
1122,1123,1102,1,0,3,3,4,0,0,3,1,6,1106
5464,1123,1102,1,0,3,5,3,0,0,2,0,6,1109
5031,1123,1102,0,0,2,3,5,0,0,2,0,4,1105
2351,1115,1103,0,1,2,4,2,1,0,4,0,5,1107
8667,1115,1103,0,0,2,3,1,0,1,4,0,4,1105
3646,1115,1103,0,1,1,4,1,0,0,3,1,4,1107
947,1115,1103,1,0,2,4,3,0,1,2,0,5,1111
6021,1115,1103,0,0,4,1,1,0,0,2,1,6,1114
6913,1115,1103,1,0,4,4,1,0,1,3,1,4,1108
7599,1115,1103,1,1,1,4,4,0,1,3,0,4,1107
8847,1115,1103,0,0,2,2,4,0,0,3,0,6,1114
1740,1115,1103,1,0,2,5,3,0,1,4,1,2,1108
3669,1115,1103,0,1,3,3,2,0,1,4,0,4,1107
5141,1115,1103,1,1,2,3,4,1,0,1,1,4,1105
6525,1115,1103,0,1,2,4,2,1,0,2,1,4,1110
7792,1121,1107,1,0,3,3,5,0,0,3,1,4,1106
8093,1121,1107,1,1,3,4,4,0,0,1,0,5,1101
5061,1121,1107,1,0,3,2,6,0,0,3,1,4,1108
855,1121,1107,0,0,4,1,4,0,0,4,0,5,1106
3090,1121,1107,0,1,3,3,2,0,1,3,0,6,1109
8026,1121,1107,0,1,1,3,7,0,0,3,0,5,1103
1622,1121,1107,0,0,2,1,1,0,0,1,0,5,1101
7691,1121,1107,0,0,4,5,6,0,1,4,0,4,1107
1934,1121,1107,1,1,4,1,2,0,0,2,0,6,1111
547,1121,1107,1,1,1,2,7,0,0,4,1,4,1105
4672,1121,1107,0,0,4,7,3,0,0,1,1,5,1101
9205,1121,1107,0,0,3,1,1,0,0,2,1,4,1108
5453,1121,1107,1,0,3,2,7,0,0,4,1,1,1103
3813,1121,1107,0,1,3,4,3,0,0,3,1,1,1101
1887,1121,1107,1,0,3,4,4,0,1,3,0,6,1103
2675,1121,1107,0,1,5,7,2,0,0,1,1,5,1101
17,1121,1107,1,1,3,4,6,0,0,3,0,4,1107
3191,1121,1107,1,1,3,7,7,0,0,2,1,4,1101
5950,1121,1107,1,0,3,3,4,0,0,2,1,6,1105
4962,1121,1107,1,1,2,2,4,0,0,3,0,6,1109
7726,1121,1107,0,1,4,5,3,0,0,2,1,4,1107
6013,1115,1103,0,1,4,2,1,1,0,2,0,6,1115
7416,1115,1103,1,0,2,2,3,0,0,2,1,6,1110
2224,1115,1103,1,0,1,4,1,0,0,2,0,6,1114
3196,1115,1103,0,0,2,1,1,0,0,3,0,5,1110
6549,1115,1103,1,0,3,5,4,0,0,4,1,6,1103
6324,1115,1103,1,0,2,1,1,0,0,3,1,6,1113
9556,1102,1101,0,0,3,4,5,0,0,1,1,5,1105
5906,1102,1101,0,0,3,1,1,0,1,3,1,6,1112
1028,1102,1101,1,0,3,2,3,0,1,3,0,6,1112
1292,1102,1101,0,1,2,3,5,1,0,3,0,4,1108
9155,1102,1101,1,1,1,5,3,0,0,2,0,3,1102
9444,1102,1101,1,1,2,1,5,0,1,2,1,4,1107
5311,1102,1101,0,1,4,1,1,0,0,4,0,3,1106
4294,1102,1101,1,1,2,3,2,0,0,3,1,5,1114
8537,1102,1101,1,1,3,6,5,0,1,2,0,3,1108
7759,1102,1101,1,1,2,4,1,0,0,3,1,6,1106
5798,1102,1101,1,0,3,4,4,0,1,2,0,5,1106
2678,1102,1101,0,1,4,1,1,0,1,3,1,5,1104
4730,1102,1101,1,1,3,1,7,0,0,1,0,6,1111
9260,1102,1101,1,0,5,5,4,0,1,3,0,2,1109
9416,1114,1101,0,0,3,3,5,0,0,3,1,4,1108
8976,1107,1103,1,0,3,5,5,0,0,2,0,2,1104
6352,1111,1102,0,1,2,5,3,0,0,2,1,4,1102
4112,1107,1103,0,0,3,2,6,0,0,3,1,5,1106
6675,1107,1103,1,0,2,3,4,0,1,4,1,0,1103
1182,1107,1103,0,1,2,5,6,0,0,1,1,4,1106
2548,1107,1103,1,1,3,3,4,0,0,2,1,4,1106
5967,1107,1103,1,1,3,3,2,0,1,3,0,5,1107
770,1107,1103,0,1,1,7,1,0,1,4,0,4,1105
1826,1107,1103,0,0,5,3,6,0,1,4,1,1,1108
9554,1111,1102,1,0,2,2,4,0,0,4,0,4,1111
5882,1111,1102,0,0,3,3,4,0,1,2,0,6,1112
9369,1107,1103,1,0,4,7,1,0,0,2,0,4,1107
5625,1111,1102,1,0,3,3,4,0,0,3,0,6,1110
6650,1111,1102,1,1,3,4,3,0,0,3,1,6,1111
8932,1107,1103,1,1,1,3,6,0,0,2,0,3,1106
5336,1111,1102,1,1,2,1,7,0,0,4,1,3,1101
5119,1107,1103,1,0,1,4,4,0,0,4,0,6,1111
2668,1111,1102,1,1,3,7,2,0,1,4,1,4,1102
3833,1107,1103,1,0,3,3,1,0,1,3,0,5,1114
6601,1111,1102,1,1,2,5,7,0,1,4,1,3,1103
4867,1107,1103,1,1,2,3,5,0,0,2,0,1,1107
1902,1107,1103,0,0,3,4,4,0,1,3,0,4,1105
6422,1111,1102,1,0,3,3,1,0,1,2,1,6,1114
8304,1107,1103,0,0,4,4,2,1,0,2,0,4,1112
8811,1107,1103,1,0,2,3,7,1,0,4,1,5,1106
4695,1107,1103,0,0,2,5,4,0,1,4,1,4,1104
2776,1111,1102,0,1,2,3,3,0,1,4,0,6,1103
205,1107,1103,1,0,2,5,3,0,0,1,0,4,1113
6313,1107,1103,1,0,4,5,1,0,1,3,1,6,1103
1337,1104,1102,1,1,1,3,3,0,0,3,0,4,1105
9883,1104,1102,1,0,2,4,5,0,0,3,0,6,1106
9555,1104,1102,0,1,3,6,3,0,0,3,0,4,1113
8250,1104,1102,1,1,3,4,3,0,0,3,1,5,1105
2684,1104,1102,1,1,4,2,6,0,0,4,0,3,1104
7447,1104,1102,1,0,2,2,2,0,0,3,1,3,1108
5992,1104,1102,1,0,2,5,3,0,0,3,0,4,1109
6378,1104,1102,1,1,3,7,4,0,0,2,1,6,1102
1217,1104,1102,1,1,4,4,4,0,1,3,1,6,1109
9839,1104,1102,1,1,4,2,3,0,0,2,0,5,1112
4277,1104,1102,0,0,1,5,2,0,0,4,1,4,1105
4183,1104,1102,0,1,2,1,3,0,0,4,1,4,1107
1822,1115,1103,1,0,2,4,5,0,1,4,0,6,1114
6075,1115,1103,0,1,4,4,4,0,1,2,1,5,1115
8971,1115,1103,1,0,3,2,4,0,0,1,0,4,1113
1825,1115,1103,0,0,3,3,5,1,0,2,1,1,1102
3398,1107,1103,0,0,4,4,1,0,0,2,0,6,1110
9639,1115,1103,1,1,3,3,5,0,0,4,0,4,1108
4145,1115,1103,1,0,5,1,1,0,1,2,0,6,1107
1259,1115,1103,0,1,3,5,4,0,1,4,1,4,1106
7181,1115,1103,0,1,1,4,5,0,0,2,1,4,1107
7631,1115,1103,1,0,3,5,2,0,0,2,0,4,1103
7768,1115,1103,0,0,1,5,2,1,0,3,0,4,1105
8495,1115,1103,1,0,3,3,4,0,1,4,1,4,1106
8507,1115,1103,1,1,2,3,3,1,0,4,1,6,1112
6446,1107,1103,0,0,3,1,1,0,0,3,0,5,1109
2125,1115,1103,1,0,1,2,7,0,0,2,1,5,1108
1855,1115,1103,1,0,2,3,1,0,0,2,0,1,1102
7214,1115,1103,1,0,3,3,5,1,1,2,1,4,1103
766,1107,1103,1,1,3,2,4,1,0,2,0,5,1105
8183,1107,1103,1,0,4,6,2,0,1,3,1,6,1109
6125,1109,1107,1,0,3,3,6,0,0,3,0,4,1104
8362,1109,1107,0,0,1,3,4,0,0,4,1,2,1103
2263,1109,1107,1,1,4,1,7,0,1,1,1,3,1101
5970,1109,1107,0,0,5,1,1,0,0,3,0,1,1101
8333,1109,1107,0,1,2,2,1,0,0,2,0,6,1112
9222,1109,1107,1,1,3,4,4,0,0,1,0,5,1106
1121,1109,1107,1,0,3,5,2,0,0,2,1,5,1106
614,1109,1107,1,0,2,3,4,0,0,2,1,6,1106
6899,1109,1107,0,0,2,1,7,0,0,1,1,3,1101
8466,1109,1107,1,0,3,5,2,0,0,1,0,4,1107
5303,1109,1107,1,0,4,3,3,0,0,1,1,4,1102
9203,1109,1107,0,0,2,5,1,0,0,2,1,5,1107
5255,1109,1107,0,1,4,3,4,0,0,2,0,4,1109
6353,1109,1107,1,0,3,3,6,0,1,3,0,3,1101
1494,1109,1107,0,0,4,4,4,0,0,3,1,3,1101
8666,1109,1107,1,0,2,2,7,0,1,3,0,3,1103
6067,1109,1107,0,1,2,1,2,0,0,1,1,6,1113
7445,1109,1107,1,1,3,1,3,0,1,2,0,4,1102
4782,1106,1106,1,0,3,4,4,0,0,2,0,4,1101
6113,1106,1106,1,1,2,5,3,1,0,2,1,4,1103
5347,1106,1106,0,1,3,1,6,0,0,1,0,1,1101
6721,1106,1106,0,0,2,1,1,0,0,1,1,0,1101
3915,1106,1106,1,0,2,2,6,0,0,3,0,1,1102
459,1106,1106,0,0,1,2,1,0,0,1,0,3,1106
4719,1106,1106,0,0,4,3,4,0,0,2,0,4,1105
2438,1106,1106,0,0,3,1,6,0,0,2,1,2,1102
2546,1106,1106,0,0,3,4,2,0,0,1,1,4,1101
469,1106,1106,1,1,2,6,5,0,0,3,0,2,1101
5304,1106,1106,1,1,3,5,6,0,0,2,1,2,1101
8058,1106,1106,0,1,3,4,1,0,0,1,1,4,1103
4648,1105,1107,1,1,4,1,3,0,0,3,0,6,1115
1147,1105,1107,1,0,1,2,3,0,1,2,1,6,1115
2200,1105,1107,1,1,4,1,4,0,0,2,1,3,1102
1830,1105,1107,1,0,2,2,3,0,0,4,0,5,1111
3147,1105,1107,0,0,4,4,4,0,0,2,0,5,1107
6886,1105,1107,1,0,3,4,4,0,0,3,1,5,1108
2691,1105,1107,0,1,3,2,6,0,0,2,0,2,1104
3872,1105,1107,0,0,2,7,5,0,1,3,0,6,1110
2490,1105,1107,0,1,3,3,3,0,0,2,1,2,1105
3816,1105,1107,0,0,3,3,3,0,0,3,0,4,1106
6182,1105,1107,0,0,1,5,2,0,0,4,1,4,1106
7679,1105,1107,1,0,3,5,3,0,0,3,1,6,1107
3696,1105,1107,0,0,3,2,3,0,0,1,0,4,1104
247,1105,1107,0,0,2,1,3,0,1,3,0,4,1108
3832,1105,1107,1,0,3,4,3,0,0,3,1,4,1103
4379,1105,1107,1,1,3,2,6,0,0,3,0,4,1103
7723,1105,1107,0,0,3,2,4,0,0,1,1,1,1104
3941,1105,1107,0,0,2,4,3,0,0,3,0,4,1103
1572,1105,1107,0,0,3,4,3,0,1,2,0,6,1105
4859,1105,1107,1,1,2,3,5,0,1,3,1,4,1106
7597,1105,1107,1,1,3,6,4,0,0,2,1,4,1102
6036,1105,1107,0,0,3,1,1,0,1,2,0,6,1113
9511,1105,1107,1,1,3,2,4,0,0,2,1,1,1102
3710,1105,1107,1,1,2,2,1,0,0,3,1,4,1104
2784,1105,1107,0,0,4,3,3,0,0,3,0,6,1113
8392,1115,1103,0,0,4,3,2,0,0,2,0,6,1115
4249,1115,1103,0,0,3,2,1,0,0,2,1,6,1115
8587,1115,1103,0,0,2,1,1,0,0,2,0,5,1114
3221,1115,1103,0,0,3,1,5,0,0,2,1,4,1104
6047,1115,1103,1,0,3,4,3,0,0,4,0,5,1110
1782,1115,1103,0,0,3,2,2,0,0,2,1,5,1104
9051,1115,1103,1,0,4,3,4,0,1,2,1,6,1106
3195,1115,1103,0,1,2,2,2,0,0,3,1,4,1113
258,1115,1103,0,0,3,4,3,0,0,2,1,6,1115
621,1115,1103,0,0,4,2,1,0,0,2,0,6,1115
3133,1115,1103,1,0,3,4,2,0,1,3,0,6,1115
4892,1115,1103,0,0,1,2,3,0,0,2,1,4,1105
6388,1115,1103,0,0,2,1,1,0,0,2,0,6,1115
2455,1115,1103,0,0,4,2,1,0,0,2,0,6,1115
1702,1115,1103,0,0,2,3,4,1,1,3,0,6,1109
6730,1115,1103,0,0,4,1,1,0,0,1,0,5,1115
2807,1115,1103,1,0,2,5,1,0,0,4,1,6,1113
5842,1115,1103,0,0,2,4,3,0,1,4,1,5,1115
3340,1115,1103,1,0,2,1,1,0,0,4,0,6,1115
5419,1115,1103,1,0,3,5,1,0,0,2,1,6,1112
4706,1115,1103,0,0,4,3,1,0,1,4,0,5,1106
3741,1115,1103,0,0,2,4,3,1,1,2,1,5,1114
6348,1115,1103,1,0,3,4,4,0,0,2,1,6,1113
2292,1115,1103,1,0,1,4,2,1,0,4,1,4,1106
8789,1115,1103,0,0,1,1,3,1,0,2,1,4,1105
8819,1120,1101,0,0,3,1,7,0,0,1,1,1,1106
9346,1120,1101,0,0,2,4,1,0,0,1,0,6,1115
1421,1120,1101,0,0,2,2,3,0,0,2,0,6,1106
2207,1120,1101,1,1,1,1,4,0,0,4,1,6,1105
7856,1120,1101,1,0,1,1,1,0,1,4,1,5,1103
6228,1120,1101,0,0,3,3,3,0,1,2,0,6,1115
4265,1120,1101,0,0,3,7,1,0,0,1,0,5,1114
7739,1120,1101,1,1,3,4,4,0,0,4,1,5,1106
1621,1120,1101,1,0,2,4,6,0,1,2,0,5,1111
8001,1120,1101,0,0,1,1,7,0,0,4,1,4,1111
9898,1120,1101,0,0,4,1,4,0,0,2,0,4,1102
3524,1120,1101,1,0,3,1,5,0,1,2,1,6,1105
8129,1120,1101,0,1,4,4,5,0,1,2,1,6,1111
8377,1115,1103,0,1,4,5,3,0,0,1,0,4,1109
9665,1115,1103,1,0,2,3,5,1,1,3,1,4,1105
2006,1115,1103,0,0,5,4,2,0,1,1,0,5,1110
9494,1115,1103,0,1,4,6,5,0,1,3,1,4,1105
2723,1115,1103,0,0,1,2,1,0,0,3,0,6,1106
4876,1115,1103,1,0,3,1,5,0,1,4,1,3,1107
2212,1115,1103,0,0,3,4,2,0,0,2,0,3,1105
1992,1115,1103,0,0,2,3,6,0,0,4,0,3,1106
1284,1115,1103,0,0,1,2,3,0,1,4,1,5,1107
2197,1115,1103,1,0,3,3,3,0,0,3,1,6,1105
239,1115,1103,1,0,3,4,4,1,0,3,0,6,1106
3802,1115,1103,1,1,2,4,4,0,1,4,1,4,1108
5652,1115,1103,1,0,3,1,6,0,0,2,0,4,1106
3910,1115,1103,1,1,3,4,3,0,1,3,1,5,1111
4816,1113,1101,0,0,3,4,6,1,1,4,1,6,1108
2005,1113,1101,0,0,2,2,2,0,0,3,0,4,1108
6320,1113,1101,0,1,2,3,4,0,0,4,1,3,1102
1089,1113,1101,0,1,4,2,5,0,1,3,0,6,1112
6148,1113,1101,1,0,4,3,5,1,0,3,1,2,1107
1518,1113,1101,0,0,3,4,3,0,0,1,0,6,1112
4536,1112,1105,1,0,3,2,6,0,1,3,0,4,1101
4376,1119,1105,0,0,3,3,3,1,0,3,1,6,1104
3914,1112,1105,0,0,3,5,6,0,0,2,1,3,1101
8534,1119,1105,1,1,2,3,7,0,0,3,0,4,1108
8865,1112,1105,1,1,5,2,1,0,0,1,0,1,1101
4947,1112,1105,0,1,3,1,7,0,0,3,0,6,1112
1361,1119,1105,1,0,4,1,7,0,1,1,1,2,1102
1377,1119,1105,0,0,2,7,1,0,0,4,1,6,1107
3281,1112,1105,0,1,2,2,4,0,1,3,1,6,1101
832,1119,1105,1,1,3,2,4,0,0,2,0,4,1106
3924,1119,1105,1,1,2,2,4,0,0,2,0,4,1106
1041,1119,1105,0,0,3,1,3,0,0,2,1,6,1113
721,1119,1105,0,0,3,3,5,0,0,3,0,6,1103
2081,1112,1105,0,1,5,7,4,0,0,2,0,4,1101
6046,1119,1105,1,1,2,4,4,0,0,3,0,5,1102
5879,1112,1105,1,0,1,1,1,0,0,1,0,3,1101
6340,1112,1105,1,0,1,1,4,0,0,2,1,6,1108
6130,1112,1105,0,0,2,7,3,0,0,3,1,4,1102
9249,1119,1105,0,0,3,3,4,1,0,3,1,1,1105
3231,1112,1105,0,0,1,7,1,0,0,3,0,6,1104
4412,1119,1105,0,1,1,3,4,0,0,3,1,4,1105
3685,1119,1105,0,0,3,4,5,0,0,3,0,4,1105
8035,1112,1105,0,0,2,3,4,0,0,3,1,6,1113
8735,1115,1101,1,1,4,6,2,1,0,2,1,6,1105
8660,1115,1101,1,1,3,4,4,1,1,3,0,4,1110
7693,1115,1103,0,0,4,4,1,0,0,2,0,6,1107
9723,1115,1101,0,1,5,5,2,0,1,3,0,6,1102
2217,1115,1101,0,0,2,1,2,0,0,2,1,6,1109
8876,1115,1103,1,1,2,4,4,0,0,3,0,6,1114
7906,1115,1103,1,0,3,3,5,0,0,3,1,4,1107
5576,1115,1103,1,1,2,3,3,0,1,2,1,4,1108
4312,1115,1103,1,1,2,4,4,0,1,4,1,6,1104
5052,1115,1103,0,0,3,7,1,0,0,2,0,3,1110
366,1115,1103,1,1,5,2,2,0,0,4,1,5,1106
3678,1115,1103,0,1,2,5,4,0,0,4,0,4,1108
5386,1115,1103,1,0,3,5,1,0,0,3,0,4,1101
9130,1115,1101,0,0,3,2,1,1,0,2,0,4,1102
339,1115,1101,0,0,2,4,5,0,0,2,0,3,1109
1476,1115,1101,0,0,2,7,4,0,1,3,1,4,1101
5636,1115,1101,0,0,2,4,1,1,0,2,1,6,1114
4283,1115,1101,1,0,2,3,4,1,0,3,1,4,1107
6287,1115,1103,1,1,2,4,5,1,0,2,1,4,1107
5597,1115,1103,1,0,3,4,3,0,1,3,0,5,1111
5864,1115,1101,1,1,2,4,6,0,0,1,1,3,1105
8402,1115,1101,0,1,2,5,3,1,0,3,0,3,1103
1713,1115,1101,0,0,1,5,7,0,0,2,0,4,1108
833,1111,1102,0,0,1,5,4,0,1,3,0,6,1103
6270,1111,1102,1,1,3,7,4,0,0,3,1,5,1107
8007,1111,1102,0,0,2,3,5,0,0,3,0,6,1106
9371,1111,1102,0,0,2,1,4,0,0,4,1,5,1108
9208,1111,1102,1,0,4,5,3,0,0,2,0,6,1107
6455,1114,1101,1,0,4,6,3,1,0,2,1,5,1114
4018,1114,1101,1,1,2,7,2,0,0,4,1,1,1101
564,1114,1101,1,0,3,2,2,0,0,3,1,5,1107
7773,1114,1101,0,0,2,1,1,0,0,4,0,6,1115
2830,1114,1101,1,0,4,2,5,0,0,3,0,6,1107
3668,1114,1101,0,1,1,1,7,0,1,4,1,6,1113
4544,1114,1101,1,1,2,6,4,0,0,1,0,4,1102
9070,1114,1101,1,1,1,4,5,0,1,1,1,3,1101
9573,1114,1101,0,0,2,1,5,0,0,2,0,5,1114
3547,1114,1101,0,0,3,3,2,0,0,3,1,6,1104
9235,1114,1101,0,0,2,3,1,0,0,2,0,6,1108
3907,1115,1103,0,0,3,5,2,1,0,4,1,6,1112
8317,1115,1103,0,0,5,1,1,0,0,3,0,6,1114
3503,1115,1103,0,0,1,5,4,1,1,4,0,4,1105
3440,1115,1103,0,0,5,2,5,0,1,4,0,6,1115
5900,1115,1103,0,1,2,4,3,0,1,2,0,6,1110
7934,1115,1103,1,0,3,1,3,1,0,3,1,3,1103
286,1115,1103,0,0,2,1,4,1,1,3,0,6,1112
5754,1115,1103,1,0,3,3,4,0,0,4,1,4,1104
450,1115,1103,0,0,1,1,2,0,1,4,0,6,1114
779,1115,1103,1,0,4,4,4,0,0,2,0,5,1105
9558,1115,1103,1,1,1,1,1,0,0,3,1,6,1106
7807,1115,1103,1,0,1,3,4,0,0,3,0,4,1105
6722,1115,1103,0,0,3,2,2,1,0,3,1,6,1112
27,1115,1103,0,1,4,4,3,1,0,2,1,6,1106
2463,1115,1103,0,0,1,4,3,0,0,4,1,6,1110
738,1115,1103,1,0,1,1,3,0,1,2,0,4,1112
1480,1115,1103,0,1,4,6,1,0,1,4,1,5,1110
9593,1115,1103,1,0,3,5,2,0,1,4,1,4,1108
8559,1115,1103,0,0,1,1,2,0,1,2,1,6,1112
9215,1115,1103,0,0,4,4,6,0,0,2,0,4,1112
9841,1115,1103,0,0,2,1,6,1,1,4,0,6,1113
9799,1115,1103,0,1,2,4,2,0,0,2,1,4,1111
5157,1115,1103,1,0,3,2,3,0,0,2,1,4,1104
7098,1115,1103,0,1,2,1,7,0,0,2,0,6,1115
9048,1116,1104,1,1,3,2,1,0,0,3,0,5,1107
2176,1116,1104,1,1,3,4,2,0,0,4,0,4,1106
9765,1116,1104,1,0,1,6,3,0,0,3,1,3,1102
9313,1116,1104,1,1,2,4,6,0,1,4,0,5,1109
6506,1116,1104,1,1,2,2,2,0,1,4,1,4,1101
5114,1116,1104,0,0,2,3,4,0,0,4,0,2,1101
7055,1116,1104,1,1,1,5,4,0,0,3,1,4,1104
910,1116,1104,0,0,3,4,3,0,0,1,1,4,1101
7976,1116,1104,0,0,2,3,1,0,0,2,0,4,1106
8232,1108,1107,1,1,1,6,4,0,1,4,1,6,1112
2344,1108,1107,1,0,4,4,3,0,0,2,0,6,1104
6685,1108,1107,0,1,5,4,5,0,0,3,1,4,1109
776,1108,1107,0,1,4,6,4,0,0,1,0,1,1101
3795,1108,1107,0,0,3,2,1,0,0,2,0,5,1107
2653,1108,1107,0,1,2,5,7,0,0,3,0,1,1102
7262,1108,1107,0,0,3,5,3,0,1,3,0,4,1102
3089,1108,1107,1,0,4,1,7,0,0,3,1,4,1101
111,1108,1107,0,0,2,5,2,0,0,3,1,6,1108
4503,1108,1107,0,1,3,4,5,0,0,2,1,6,1109
9619,1108,1107,1,1,3,1,7,0,0,3,1,2,1104
6598,1108,1107,1,0,3,5,3,0,0,4,1,4,1106
2760,1108,1107,0,0,3,1,5,0,1,2,0,6,1115
8169,1108,1107,0,0,2,4,1,0,0,1,0,6,1112
3506,1108,1107,0,0,2,2,3,0,1,2,0,6,1111
8113,1108,1107,1,1,4,4,1,0,0,2,1,4,1107
4075,1108,1107,0,0,3,5,4,0,0,2,0,5,1110
4618,1122,1104,0,0,3,4,5,0,0,2,1,4,1106
2765,1116,1104,0,0,3,2,4,0,0,2,1,4,1104
8734,1116,1104,0,0,2,4,5,0,0,3,1,4,1102
5982,1122,1104,0,0,1,1,6,0,0,3,0,3,1103
1675,1116,1104,0,0,1,7,1,0,0,2,0,6,1108
3185,1116,1104,0,0,5,3,1,0,0,1,0,6,1113
4037,1122,1104,0,0,4,2,5,0,0,2,1,4,1105
7398,1122,1104,0,1,1,4,2,0,0,1,1,1,1102
9572,1116,1104,0,0,3,4,3,0,1,3,0,5,1112
8275,1122,1104,1,0,4,7,5,0,1,1,0,3,1106
5434,1122,1104,0,1,3,2,3,0,0,1,0,2,1103
2477,1116,1104,1,0,4,2,2,0,0,3,0,4,1110
7099,1122,1104,0,1,2,4,2,0,0,3,0,4,1103
9058,1122,1104,1,1,3,5,3,0,0,4,0,4,1106
1655,1122,1104,0,1,3,4,3,0,0,2,1,6,1106
773,1122,1104,0,0,3,4,4,0,1,2,0,4,1104
4131,1122,1104,0,1,4,4,5,0,0,1,1,3,1104
2228,1122,1104,0,0,3,2,5,0,0,3,0,6,1113
4577,1116,1104,0,0,4,4,3,0,0,2,1,6,1112
3508,1122,1104,1,0,1,5,3,0,1,4,1,4,1105
5979,1116,1104,0,1,3,3,1,0,1,2,0,4,1114
7142,1116,1104,1,1,4,5,3,0,0,3,0,3,1106
3726,1122,1104,0,1,4,3,3,0,0,1,0,4,1106
8901,1110,1105,0,0,2,1,7,0,0,4,1,2,1101
1905,1110,1105,0,1,1,5,1,0,0,3,1,6,1104
3767,1110,1105,0,0,3,1,1,0,0,4,1,5,1101
5194,1110,1105,1,0,3,3,4,0,1,4,0,5,1103
4264,1110,1105,1,1,4,5,6,0,0,2,0,6,1108
2323,1110,1105,0,0,3,4,5,0,0,3,0,6,1108
1000,1110,1105,1,1,4,2,4,0,0,3,1,4,1107
4855,1110,1105,1,0,3,4,4,0,0,3,0,6,1112
8752,1110,1105,0,0,3,2,4,0,0,3,1,6,1108
335,1110,1105,1,1,3,2,2,1,0,3,0,4,1110
1114,1110,1105,0,1,2,5,1,0,1,4,1,4,1104
1978,1115,1103,0,1,5,1,1,0,0,3,0,4,1112
3987,1115,1103,0,0,1,6,2,0,0,1,0,4,1105
2999,1115,1103,0,0,2,1,4,0,1,3,1,5,1113
48,1115,1103,0,0,3,5,3,0,1,2,1,5,1109
659,1115,1103,0,0,2,1,1,0,0,3,0,4,1110
4363,1115,1103,0,0,2,4,3,0,0,3,1,6,1115
7661,1115,1103,0,0,3,1,6,1,0,4,1,3,1104
2516,1115,1103,1,0,2,3,1,0,1,4,1,5,1106
4539,1115,1103,1,0,2,4,1,0,0,2,0,5,1113
6883,1115,1103,1,1,1,1,1,0,1,3,0,6,1109
6484,1115,1103,1,1,3,3,4,0,0,3,1,4,1105
8442,1115,1103,0,0,3,3,3,0,0,2,0,6,1115
2222,1114,1101,0,0,2,3,6,0,1,4,0,2,1104
3645,1114,1101,0,0,4,4,3,0,1,4,1,1,1101
4111,1114,1101,0,0,1,7,1,0,0,3,1,6,1115
9185,1103,1107,0,1,2,7,2,0,0,4,0,1,1101
1608,1103,1107,0,0,3,3,6,0,0,3,0,4,1109
8445,1103,1107,0,0,1,3,5,0,0,2,0,6,1115
1409,1103,1107,0,0,4,1,7,0,1,1,0,5,1106
8723,1103,1107,0,1,3,6,4,0,1,2,1,5,1103
7803,1103,1107,0,0,2,3,5,0,0,3,1,4,1112
2775,1103,1107,1,1,3,1,2,0,0,1,1,6,1107
8049,1103,1107,0,0,3,3,6,0,0,2,1,2,1102
2563,1103,1107,1,0,1,4,2,0,0,3,0,5,1107
6471,1103,1107,1,0,4,3,3,0,1,2,0,6,1112
1635,1103,1107,1,0,2,7,1,0,0,2,1,6,1108
2905,1103,1107,1,0,3,1,3,0,0,2,0,5,1109
5446,1113,1101,0,0,2,3,3,0,0,3,1,4,1102
1353,1113,1101,0,0,2,4,2,0,1,4,0,5,1110
6796,1113,1101,1,0,3,1,3,0,0,2,1,3,1106
9760,1113,1101,0,1,3,3,6,0,0,2,0,3,1101
885,1113,1101,0,0,2,3,2,0,1,3,0,6,1110
6744,1113,1101,1,0,3,2,7,0,1,3,1,3,1102
976,1116,1104,1,1,2,2,3,0,1,3,0,4,1101
298,1116,1104,1,0,2,4,3,0,1,1,0,6,1105
9262,1116,1104,1,0,2,7,3,0,0,4,0,3,1103
3306,1116,1104,1,0,3,4,4,0,1,1,1,1,1102
9743,1116,1104,0,1,4,3,5,0,0,3,0,5,1108
9848,1116,1104,1,0,2,4,4,0,0,4,1,5,1103
9659,1116,1104,1,0,2,5,4,0,0,3,1,6,1113
6801,1116,1104,0,1,2,2,5,0,0,2,1,3,1101
1861,1116,1104,0,1,3,6,4,0,0,4,1,3,1104
874,1115,1103,0,0,3,6,4,0,1,2,0,4,1105
9087,1115,1103,0,0,2,3,2,1,1,2,1,5,1103
1538,1115,1103,0,1,3,2,7,0,1,3,0,3,1107
3674,1115,1103,1,1,3,2,4,0,1,4,1,6,1114
8236,1115,1103,0,0,3,3,4,0,0,3,0,4,1108
1276,1115,1103,1,1,2,4,4,0,0,3,1,6,1112
6742,1115,1103,0,0,1,1,7,0,0,3,1,5,1109
8639,1115,1103,1,0,2,4,4,0,1,2,1,4,1103
4465,1115,1103,0,0,2,4,3,0,1,4,0,6,1113
3778,1115,1103,1,0,5,1,4,0,0,2,0,4,1104
8764,1115,1103,1,0,3,3,2,1,0,4,1,5,1110
1730,1115,1101,1,0,3,4,2,0,1,4,1,6,1113
7160,1115,1103,0,0,1,2,5,0,1,3,0,4,1112
7426,1115,1103,0,1,1,2,5,0,1,3,0,3,1103
5993,1115,1103,1,1,4,5,1,0,1,4,0,4,1105
5472,1115,1103,1,1,1,4,4,0,1,3,0,4,1109
8363,1115,1101,0,0,2,1,5,0,0,4,1,4,1107
4640,1115,1103,0,0,4,2,6,0,1,4,0,5,1108
9485,1115,1101,0,0,3,4,6,1,1,2,1,6,1111
2066,1115,1101,0,1,2,3,3,0,0,3,0,3,1103
3684,1115,1101,1,0,2,5,1,0,0,2,0,5,1107
1223,1115,1101,0,1,1,1,3,0,0,3,0,6,1102
1555,1115,1101,1,0,4,4,4,0,0,3,1,4,1105
2086,1115,1103,1,1,3,4,2,0,1,4,1,3,1105
797,1115,1101,0,0,1,1,4,0,1,2,0,5,1110
9864,1115,1103,1,1,1,4,4,0,0,4,1,4,1106
201,1115,1101,1,1,3,4,3,0,0,3,1,5,1105
6829,1115,1103,1,0,1,2,3,0,1,1,1,1,1107
8410,1115,1103,1,0,4,3,6,0,1,4,1,4,1104
4073,1115,1103,1,1,2,4,3,0,1,2,0,3,1110
2800,1118,1102,0,0,3,4,5,1,1,3,0,6,1108
2461,1118,1102,1,0,4,4,3,0,0,2,0,4,1106
8651,1118,1102,0,0,1,4,3,0,0,3,1,6,1106
1939,1115,1103,1,1,1,4,3,0,1,4,1,5,1111
493,1115,1103,1,1,4,1,3,0,1,3,0,4,1104
8652,1115,1103,0,1,1,7,5,0,0,4,0,1,1105
1268,1115,1103,1,1,3,1,6,0,0,3,0,2,1103
7556,1115,1103,0,1,3,4,4,0,1,4,1,3,1101
9435,1115,1103,0,0,3,3,5,0,0,4,1,1,1104
7100,1115,1103,0,0,3,4,3,0,0,3,0,6,1110
7326,1115,1103,1,1,4,4,2,0,0,4,1,4,1101
2101,1115,1103,0,1,3,4,4,0,0,2,0,6,1115
7738,1115,1103,0,0,4,5,1,0,0,2,0,5,1105
9251,1115,1103,0,0,4,3,2,0,0,3,1,6,1114
4389,1115,1103,1,0,2,4,3,0,0,4,0,4,1103
7668,1115,1103,0,0,1,5,1,0,1,2,0,5,1112
6267,1115,1103,0,1,3,5,2,0,0,4,0,4,1111
3065,1115,1103,1,0,1,2,2,0,0,3,1,4,1106
8872,1108,1107,0,0,3,1,7,0,1,2,1,4,1102
3974,1108,1107,0,0,2,4,6,0,0,2,0,3,1102
6493,1108,1107,0,1,3,3,3,0,0,3,0,4,1105
6073,1108,1107,1,1,2,1,3,0,1,1,0,6,1105
7000,1108,1107,1,0,2,1,1,0,1,3,1,4,1101
8393,1121,1107,0,0,3,4,4,0,1,3,0,5,1103
7472,1121,1107,0,1,4,2,3,0,0,3,1,5,1113
4023,1121,1107,1,1,3,5,3,0,0,3,1,4,1105
2196,1121,1107,1,0,2,1,3,0,0,4,1,5,1108
8921,1121,1107,0,0,3,4,4,0,0,2,0,6,1103
9464,1112,1105,0,1,1,3,4,0,0,3,1,4,1107
7170,1112,1105,0,0,3,5,1,0,0,3,1,4,1106
4760,1112,1104,1,1,1,6,2,0,0,2,1,3,1105
1116,1112,1105,1,1,1,5,2,0,0,3,0,4,1108
2279,1112,1105,1,1,2,6,6,0,1,3,1,4,1107
6755,1112,1104,1,0,1,1,1,0,0,3,1,1,1106
8804,1112,1105,1,1,4,5,4,0,0,2,1,4,1104
5581,1112,1104,1,0,1,2,3,0,0,3,0,6,1110
6847,1112,1105,0,1,3,1,1,0,1,2,0,6,1107
8097,1112,1105,1,1,2,1,4,0,1,3,0,6,1107
2406,1112,1104,0,1,1,7,3,0,0,2,0,4,1110
3151,1112,1104,0,0,2,2,4,0,1,4,0,4,1107
6688,1112,1104,1,0,1,3,5,0,0,4,1,4,1107
6346,1112,1105,1,1,1,3,6,0,1,3,0,6,1101
7774,1112,1104,1,0,2,1,7,0,0,2,0,4,1107
4747,1112,1105,0,0,2,7,6,0,0,3,0,4,1106
8530,1112,1105,0,0,2,5,6,0,0,4,1,4,1107
1783,1112,1105,0,0,3,2,6,0,1,3,1,5,1107
2962,1112,1104,1,0,2,1,2,0,0,3,1,4,1108
4670,1112,1104,0,0,3,2,4,1,0,2,0,6,1111
6093,1122,1104,0,0,2,4,3,0,0,4,0,4,1108
2218,1122,1104,1,1,2,3,4,0,0,3,1,3,1111
9206,1122,1104,1,0,4,4,5,0,1,4,1,5,1102
2373,1122,1104,0,0,3,6,3,0,0,2,1,2,1113
739,1122,1104,1,0,2,7,1,0,1,3,0,5,1101
1044,1122,1104,1,1,2,6,3,1,0,3,1,2,1106
401,1122,1104,1,0,2,1,2,0,0,1,0,4,1106
2082,1122,1104,1,1,1,4,1,0,1,3,0,6,1113
1704,1122,1104,1,1,3,3,2,0,1,3,1,5,1106
4788,1122,1104,1,1,2,5,2,0,0,3,0,6,1113
9273,1122,1104,0,1,3,3,3,0,0,2,1,1,1106
7337,1122,1104,1,0,1,3,5,0,0,4,0,6,1106
6996,1122,1104,1,0,3,3,5,0,0,3,1,4,1102
6374,1122,1104,1,0,3,4,4,0,0,3,1,6,1111
1591,1122,1104,1,1,2,3,5,0,0,3,0,4,1109
1779,1122,1104,0,1,5,3,3,0,0,2,0,4,1108
7435,1122,1104,1,0,4,1,6,0,0,2,0,6,1104
3394,1122,1104,0,0,2,1,5,0,0,2,1,4,1104
1225,1122,1104,1,0,2,2,3,0,0,1,0,6,1105
2572,1122,1104,1,0,3,5,6,0,1,4,0,6,1105
3131,1122,1104,1,0,3,3,4,0,1,3,1,6,1113
6882,1122,1104,1,1,2,4,4,0,1,2,1,4,1104
8699,1122,1104,1,1,4,4,5,0,1,3,0,6,1112
683,1122,1104,1,1,2,3,4,0,0,3,0,6,1112
6835,1122,1104,0,1,3,2,2,0,0,1,0,5,1106
3727,1122,1104,1,0,2,4,2,0,1,2,1,6,1108
8575,1122,1104,1,1,2,4,4,0,0,3,0,6,1110
789,1122,1104,1,1,2,3,5,0,1,2,1,4,1107
4455,1122,1104,1,0,4,1,1,0,0,2,0,5,1111
5445,1122,1104,1,1,2,3,6,0,0,2,0,5,1107
5801,1122,1104,1,1,3,5,3,0,0,1,0,4,1105
4245,1122,1104,1,0,3,1,2,0,0,1,1,5,1105
2108,1122,1104,1,1,4,7,4,0,0,3,0,6,1108
4275,1122,1104,0,0,4,3,4,0,0,2,1,6,1109
6781,1122,1104,0,1,2,5,3,0,0,1,0,4,1105
7720,1122,1104,1,1,4,5,2,0,0,3,0,4,1106
5973,1114,1101,1,0,5,2,1,0,0,1,1,4,1101
1132,1114,1101,1,1,3,2,1,0,1,1,1,0,1102
6631,1114,1101,0,0,2,5,3,0,0,3,0,4,1102
2225,1114,1101,1,1,3,2,2,0,1,4,0,4,1106
6372,1114,1101,1,0,2,4,2,0,0,3,0,4,1104
45,1114,1101,1,1,4,2,2,0,0,2,0,4,1111
6218,1114,1101,0,0,1,3,5,0,0,2,1,4,1101
3901,1114,1101,0,1,2,3,4,0,0,2,0,4,1101
7932,1114,1101,1,0,4,6,3,0,0,3,1,2,1101
5651,1114,1101,1,0,2,3,3,0,1,4,1,3,1108
1018,1114,1101,1,1,4,4,3,0,1,3,0,4,1102
1200,1114,1101,1,1,3,5,3,0,0,1,1,6,1115
6644,1114,1101,1,0,2,2,4,0,0,4,1,4,1102
7576,1114,1101,0,0,2,2,3,0,0,2,1,4,1104
1550,1114,1101,1,0,3,6,3,0,0,2,0,4,1105
1610,1114,1101,0,0,2,6,4,0,0,4,1,1,1103
6971,1114,1101,1,0,4,5,4,0,0,2,0,4,1106
7592,1115,1103,1,0,4,4,2,0,0,3,1,4,1104
6773,1115,1103,0,1,2,4,3,1,0,4,0,4,1105
2492,1115,1103,1,0,3,4,3,0,0,3,1,6,1103
7128,1115,1103,1,0,4,4,7,1,1,3,0,4,1104
3688,1115,1103,0,0,4,3,5,0,1,3,0,4,1108
3142,1115,1103,1,1,3,7,1,1,0,2,0,6,1105
2767,1115,1103,1,1,2,6,1,1,1,3,1,5,1101
7358,1115,1103,0,1,3,5,3,0,0,2,0,2,1106
2258,1115,1103,1,1,3,4,3,0,1,4,0,5,1110
919,1115,1103,1,0,3,5,3,0,0,3,0,4,1104
7530,1115,1103,0,0,3,2,5,1,0,3,1,4,1103
2291,1115,1103,0,0,2,2,3,0,1,4,0,4,1104
3450,1115,1103,0,0,5,5,2,1,0,3,1,4,1105
2799,1115,1103,1,0,2,3,6,1,0,4,0,4,1111
4901,1115,1103,0,1,1,3,6,1,0,4,1,4,1107
4608,1115,1103,1,0,2,1,6,1,0,4,1,6,1104
6983,1115,1103,1,0,3,3,3,1,0,4,1,4,1106
9720,1115,1103,0,0,3,5,1,0,0,1,0,4,1105
4198,1115,1103,1,0,4,4,4,1,0,2,1,4,1105
4309,1115,1103,1,1,4,1,5,1,0,4,0,4,1109
5274,1115,1103,1,0,3,3,1,1,0,4,1,4,1105
2728,1115,1103,0,0,3,2,4,1,0,4,1,1,1103
4318,1115,1103,1,0,2,2,7,1,0,3,1,1,1101
8549,1115,1103,0,0,3,3,4,1,0,3,0,5,1112
9588,1115,1103,0,0,4,5,4,0,0,3,0,5,1115
7156,1115,1103,1,0,3,2,4,0,0,2,1,5,1101
8818,1115,1103,0,0,3,1,3,0,0,2,1,6,1114
3569,1115,1103,0,0,3,3,4,0,0,2,1,5,1114
3549,1115,1103,0,0,3,5,2,1,0,2,0,6,1114
2552,1115,1103,0,0,2,1,3,0,0,2,0,6,1113
1957,1115,1103,0,1,4,3,4,0,0,3,0,4,1103
8446,1115,1103,0,0,2,2,5,0,1,1,1,4,1111
1632,1115,1103,1,0,3,3,3,1,1,2,0,6,1115
7330,1115,1103,1,0,3,5,2,0,0,2,0,5,1113
4910,1115,1103,0,0,4,1,3,0,0,2,1,6,1114
3442,1115,1103,1,1,3,7,4,0,0,3,1,4,1109
4332,1115,1103,0,0,1,1,1,0,1,3,0,6,1111
343,1115,1103,1,1,2,4,4,1,0,4,1,5,1113
6864,1115,1103,1,0,4,1,1,1,1,3,0,6,1114
4733,1115,1103,0,1,3,4,5,0,0,3,0,5,1115
554,1111,1102,1,0,4,2,1,0,1,1,1,6,1108
9686,1111,1102,1,1,2,1,7,0,0,3,1,4,1103
6703,1111,1102,0,1,5,3,1,0,0,1,0,4,1106
2179,1111,1102,0,0,2,1,6,0,0,1,0,1,1104
2786,1111,1102,1,0,4,3,5,0,0,1,1,5,1114
9237,1111,1102,1,1,1,4,4,0,0,2,0,6,1106
6970,1111,1102,0,1,3,4,3,0,0,1,0,3,1105
4889,1111,1102,0,1,1,2,3,0,1,4,0,4,1109
2104,1111,1102,1,1,4,4,2,0,1,3,0,2,1102
8648,1111,1102,0,0,5,2,7,0,0,4,0,1,1104
4656,1111,1102,1,0,1,3,4,0,1,3,0,5,1108
635,1111,1102,0,0,3,6,1,0,0,3,1,1,1101
6879,1111,1102,1,0,2,2,5,0,0,3,1,4,1104
8462,1111,1102,1,0,4,2,6,0,0,3,0,6,1113
7664,1111,1102,1,0,1,4,4,0,1,4,1,6,1107
9783,1111,1102,0,0,3,3,5,0,1,4,1,4,1101
9452,1111,1102,1,0,1,4,4,0,0,4,1,4,1105
2547,1111,1102,1,1,1,6,3,1,1,3,0,4,1104
8104,1111,1102,0,0,3,4,4,0,1,3,1,5,1102
4886,1111,1102,0,0,2,1,2,0,0,2,1,3,1104
3304,1111,1102,0,1,2,4,1,1,1,3,0,4,1111
7796,1111,1102,0,0,2,6,1,0,0,1,0,4,1101
7107,1111,1102,1,1,2,1,7,0,0,4,0,1,1105
2409,1111,1102,0,0,2,4,5,0,0,4,1,4,1106
5140,1111,1102,0,0,2,4,4,0,0,3,1,6,1111
3747,1111,1102,0,1,3,2,3,0,1,3,0,4,1110
2626,1120,1101,1,0,3,4,2,0,1,4,0,6,1112
5264,1120,1101,1,0,3,2,1,0,0,1,1,6,1114
7431,1120,1101,0,0,3,3,4,0,1,2,0,5,1109
3573,1120,1101,0,1,2,4,2,0,0,4,1,1,1103
8068,1120,1101,0,0,2,3,1,0,0,3,0,6,1115
4122,1120,1101,0,0,3,4,2,0,0,2,1,6,1113
525,1109,1107,1,0,3,3,6,0,1,2,1,4,1101
7015,1109,1107,1,1,3,4,5,0,0,2,1,5,1101
3723,1109,1107,1,0,2,2,5,0,0,2,1,4,1101
1449,1109,1107,1,1,5,6,3,0,1,1,0,4,1109
249,1109,1107,1,0,4,4,4,1,0,2,0,4,1106
270,1109,1107,1,1,4,1,7,0,0,4,0,6,1106
4162,1109,1107,1,0,3,3,4,0,1,2,0,5,1108
3162,1112,1105,0,0,2,3,3,0,1,4,0,4,1104
6569,1112,1105,0,0,2,1,4,0,0,2,1,4,1104
5202,1112,1105,1,0,2,1,3,0,0,3,0,5,1108
3648,1112,1105,0,0,2,1,2,0,0,4,0,6,1112
81,1112,1105,0,0,3,4,1,0,0,3,1,6,1101
1177,1112,1105,0,0,2,1,3,1,0,2,1,6,1107
8576,1112,1105,1,1,2,1,3,0,1,4,1,5,1102
499,1112,1105,1,0,4,1,3,0,0,3,0,6,1110
9144,1112,1105,0,1,2,4,3,0,0,3,0,5,1104
8217,1112,1105,0,0,4,1,4,0,0,4,1,2,1101
5077,1112,1105,0,0,3,4,4,0,1,3,1,1,1101
